sample_id,condition,LPC 20:4/0:0,LPC 20:0/0:0,unknown_metabolite,unknown_metabolite_1,LPC 17:0/0:0,LPC 18:2/0:0,1-Methyladenosine,1-Methylguanosine,LPC 14:0,LPC 18:1/0:0,LPC 16:1/0:0,LPC 16:0/0:0,LPC 18:0/0:0,alpha-Aminoadipic acid,unknown_metabolite_2,Deoxycytidine,LPE 0:0/22:6,unknown_metabolite_3,CAR 4:0;2Me,LPC 0:0/16:0,LPC 18:0,3-Dehydrocarnitine,3-Methylcrotonylglycine,CAR DC5:0;3Me,Ureidopropionic acid,4-Acetamidobutanoic acid,4-Guanidinobutanoic acid,5'-Methylthioadenosine,Pyroglutamic acid,7-Methylguanine,CAR 2:0,Adenosine,Alanine,AMP,2-Aminobenzoic acid,Arginine,Betaine,CAR 4:0,N-Butyrylglycine,Carnitine,C-Glycosyltryptophan,Choline,Citrulline,Corticosterone,Creatine,Creatinine,S-Glutathionyl-cysteine,Cytidine,3-Dehydroxycarnitine,Dimethylarginine,Ectoine,Ergothioneine,gamma-Glutamylalanine,gamma-Glutamylglutamine,gamma-Glutamylisoleucine,gamma-Glutamylleucine,gamma-Glutamylmethionine,gamma-Glutamylphenylalanine,gamma-Glutamyltryptophan,gamma-Glutamyltyrosine,gamma-Glutamylvaline,Glutamine,Oxidized glutathione,sn-Glycero-3-phosphocholine,Gly-Val,Heme,CAR 6:0,Homocitrulline,(S)-Homostachydrine,unknown_metabolite_4,Imidazole propanoate,CAR 3:0;2Me,Isoleucine,CAR 4:0;3Me,Kynurenine,CAR 12:0,Leucine,unknown_metabolite_5,Methionine,N6-Carbamoyl-L-threonyladenosine,N-Acetyl-beta-alanine,N-Acetylisoleucine,N-Acetylleucine,N(5)-Acetyl-ornithine,Niacinamide,CAR 8:0,CAR 18:1(9Z),Ophthalmic acid,CAR 16:0,Pantothenic acid,Phenylalanine,Pipecolic acid,Proline,Pro-hydroxyPro,CAR 3:0,Serotonin,Sphinganine,Sphingosine,Stachydrine,CAR DC4:0,unknown_metabolite_6,unknown_metabolite_7,Tiglylglycine,Urocanic acid,Tryptophan,Tyrosine,Valine,Xanthosine,unknown_metabolite_8
31,Hypoxia,2084194.0,,3865462.75,364824.7188,349026.7813,8653759.0,44724.1094,28803.1406,161117.1875,2418135.25,500346.3125,12414785,6478152.0,353726.1563,194208.5469,203252.5625,480768.375,891141.25,87808.2969,1758493.75,543702.0625,1027399.25,67700.4062,56008.6602,32751.5898,39714.4492,28566.6016,56223.7383,1590259.75,92261.5469,5331417.0,23358.8203,616470.25,14893.6104,17103.5195,606867.9375,1374400.25,364692.8125,207255.6719,4737347.0,50829.4883,2354899.5,433767.5,405727.125,6124689.0,125407.3438,711826.25,353953.0313,304289.9375,451184.375,55546.3203,120472.1719,144813.5938,162882.4063,185574.0625,697704.0,,343675.75,55369.6992,230327.5156,214708.1875,1855415.75,773709.375,1024244.813,38458.1797,1539260.75,212905.1094,99162.1562,54307.5586,92836.8281,,83686.5703,27185036,140717.7656,518631.9375,108821.9609,33511324,217021.9844,6132862.0,18951.1992,144065.9844,75225.7188,401285.9375,418211.6563,515845.8438,55527.3047,412805.0,61191.2266,502829.25,939125.6875,26424416,1020915.25,5747125.0,382247.125,440563.7813,2271976.25,152364.4063,269737.6875,160306.8906,65832.2031,13970105.0,75460.8594,85603.2812,290787.2813,23877240,10166545,26389118,36673.75,
32,Hypoxia,2140221.75,110224.4063,6117347.5,,675306.25,14904330.0,50448.2891,27884.9199,499095.6875,3757840.75,982269.9375,23683436,16967702.0,544861.75,487741.375,158838.3906,533366.75,1548498.125,123979.0078,2883895.75,1070659.25,920236.25,112592.2188,86507.3906,93169.8672,47726.1211,,53852.5508,1357682.75,92097.9297,5711042.5,14106.0596,553646.25,,17446.9707,571419.9375,1130438.25,562097.875,362249.875,3840802.25,62654.2422,2402848.25,235112.4063,448140.0,6067575.5,144297.5781,265832.0625,228261.8438,236173.9219,986086.125,65171.7383,36785.3086,129813.3672,93865.9609,195855.7969,588121.3125,28691.1191,280793.2188,51439.2695,283793.625,233139.4375,1620526.375,758946.5,570656.25,28804.8906,2905462.5,592664.625,60683.6445,70968.25,83898.7188,,135320.7969,25422326,154008.6719,423165.2188,359254.9688,38299680,760716.6875,5105321.5,27430.6191,142054.875,110673.3984,468860.1875,85816.5,533788.3125,198658.8125,1834002.75,79656.7812,2013105.875,945997.0625,26248646,943471.75,3585565.25,234406.7813,423391.3438,1918190.625,563708.625,1098975.375,189124.7969,67319.1328,9435432.0,65759.25,219800.6563,304349.5313,13144603,8536448,25054132,29816.8301,
34,Hypoxia,1808815.25,44310.3281,3856421.75,320797.9688,92184.5078,10954607.0,65085.8516,30855.2598,245091.4531,1561287.25,564950.0,13197287,3504575.75,390142.4688,373330.2813,128103.0781,785274.3125,971736.4375,124266.3672,1834199.875,201746.7344,686799.5625,104849.0703,92819.8906,64497.8008,31144.4297,39940.4414,51096.3164,1454435.375,39317.1914,3787801.5,22282.3203,564523.75,,35023.8086,585419.4375,1113701.375,459730.75,319175.1563,3795539.75,62231.1094,2456772.25,261701.7813,463473.9063,5694081.0,211512.75,287777.9688,221016.7344,199515.8125,759315.75,100666.1719,38497.8086,132932.125,59435.0391,165948.4688,666184.375,19667.9004,340341.7188,45588.7188,284945.375,222801.2344,1387096.125,736224.0625,817667.125,26363.6895,1312673.5,290487.5938,50763.7188,35251.7617,51754.7891,40583.8203,99984.3906,23077098,168820.2813,543572.25,92979.9766,33011250,668189.5625,5644709.5,17827.1309,178017.7344,88086.0312,512063.2188,85534.5078,349800.0625,91863.6797,566131.8125,74932.8203,748164.3125,1282260.0,24911938,772503.4375,3202645.75,174055.4063,398286.125,2443841.75,184824.2969,301985.75,174404.6094,45180.3203,15262580.0,118067.4375,187395.8906,381963.125,23675390,9905584,24399710,41210.9883,
35,Hypoxia,1450876.5,,3285264.0,211887.625,153915.9844,9158716.0,47390.9688,49449.5781,169134.2969,1994542.25,684036.375,15006273,6095740.0,482464.4375,153540.7969,144919.0469,303077.9688,749595.75,161880.4531,1222889.0,270582.0,1308405.5,96240.8438,223610.4219,93957.7031,32965.7188,14108.4805,90774.1328,1465421.875,63050.9688,8938867.0,14698.7412,639655.1875,,,704699.0,1569991.75,830263.5625,401222.4375,2840287.5,58740.25,2452095.75,219323.0,594176.0625,7161380.0,182522.6563,385326.375,278683.9063,165267.8906,983678.3125,105335.8906,67407.2969,41976.1484,30862.4707,172583.6563,579853.5625,,322757.0625,61925.3594,309435.75,187290.2344,1289785.625,1253377.375,390022.0625,30030.6191,1855883.625,466321.375,59594.2422,35573.5703,110636.2422,,190734.7813,19710104,209076.9063,598408.4375,70962.2969,28742706,610936.4375,5267080.5,29553.9609,173850.2969,79922.9531,488529.5938,131120.0156,484005.5,154124.9219,538060.625,208452.9375,669420.625,1626111.125,23975786,726723.875,3689925.0,269811.9375,911706.875,2206139.0,269862.25,369854.3125,158243.75,76428.7578,12447777.0,343148.3438,143989.9844,524632.3125,21482832,11098055,21320692,51677.8711,
42,Hypoxia,2232387.5,71340.4297,3804858.0,288666.0938,149396.7031,7346311.0,54687.5742,21826.1992,202377.9063,2247355.0,487834.75,11641999,5610078.5,280720.6875,243506.6094,280135.0625,350025.1563,631752.375,107479.2891,1512848.25,418753.6875,1783483.75,41890.0586,38565.6289,47966.4414,27419.1406,44370.2812,42474.3789,1332767.625,56273.5391,3480171.0,25279.2695,959919.9375,14185.8496,38285.3984,638724.8125,1412140.375,351362.5313,143576.8125,4274756.5,42126.3047,2015879.5,445687.25,581053.6875,4758276.5,168377.2344,724571.9375,358072.9063,313895.3125,465564.5938,148767.7969,158406.0156,262418.2813,162701.3906,126252.3828,511825.5,46334.7383,380894.3125,42368.5,247337.75,149245.5469,1498045.25,673418.1875,802304.375,18218.9395,827010.25,172416.7656,100054.0938,244523.7031,60466.3906,33810.0312,116004.8125,22119270,138165.7656,648705.75,40100.6094,29124938,79656.5234,7928424.5,17164.2793,152892.8438,54654.4219,327538.8125,540272.125,481890.1875,77635.1172,315099.1875,35689.6094,338034.5938,658015.0625,27203166,1244192.25,6118320.5,186385.5781,446696.6875,1695350.625,94384.7734,123930.3906,1206616.75,49625.1406,6520197.5,1295858.25,42719.7539,262776.0,27335798,13939688,22968090,32586.2891,
43,Hypoxia,1657345.375,,2543707.0,235062.9219,,6939002.0,73998.7031,26048.502,121839.8594,1392400.125,331404.6563,8971615,3369410.5,282280.9688,160433.9063,204143.9531,128146.5703,657889.1875,92356.6094,1027226.813,98002.0938,1429019.625,34122.1016,42483.0898,102289.7031,,59428.5898,45302.5391,1220104.75,58801.5898,1221763.375,22078.6309,881809.0625,,25442.8496,730021.4375,1182994.125,207688.4844,104039.4219,3578058.0,47012.3711,1930465.25,215179.7813,372778.3125,3809573.75,216469.5469,239953.9375,186622.4375,274450.1875,1070842.25,186754.7969,51888.832,251815.0938,99652.5391,160972.6094,588966.5625,72948.6719,403076.2813,60302.3281,267683.6563,213177.2344,1096523.75,524296.6875,1012549.188,,188742.0625,63566.8789,45856.2109,344716.3125,45744.8984,,107887.8516,22664960,133344.4219,753103.4375,25887.3008,29808548,37277.7617,7888027.0,12471.5195,125540.6484,69648.0469,399710.7813,173837.5156,294183.4375,22343.0918,171861.8125,38611.8281,184589.1719,566616.75,28956886,717245.4375,4323508.5,87630.4375,388113.4063,2397797.5,57055.2617,74611.6875,1203262.125,34860.8594,12536888.0,533565.625,18786.4707,270697.2813,30938898,15096242,21314506,26511.3105,
44,Hypoxia,1287738.5,,2459918.0,,82272.3281,6383482.5,53537.9492,17124.4707,82603.7969,1754602.5,383399.5,10530868,3504686.0,286461.3125,,190690.5781,234020.3906,401726.0625,112854.6953,898059.75,212592.6563,1882178.875,43090.5508,29639.1602,59852.8594,26642.4805,42610.3594,52502.8789,1187251.5,34209.5703,2145274.0,29769.5605,988984.625,,18406.8398,830995.75,1099089.25,295817.0938,125802.1406,3901349.75,54973.3594,1920724.75,270987.5625,412378.625,4474102.5,92420.7109,243593.8594,206230.0156,233283.2344,1440757.625,150487.6563,35863.1914,253899.7344,147094.3438,143688.1406,601765.25,146587.6875,369928.125,42062.7617,234582.375,183121.2031,1692165.25,539544.6875,782411.0625,20790.1992,614191.25,128175.3828,51962.9609,138618.1719,55257.0312,30921.5801,87469.5234,23084476,191813.2188,824762.25,34178.0195,33480232,56386.0312,7557169.0,20801.6191,130551.4922,71558.7031,503207.5938,174301.4375,229118.2969,59505.9609,320237.2188,29130.9102,316148.125,679604.4375,30584108,814149.5,4217059.0,84217.8984,510300.0625,2549264.25,91795.5,131945.2969,689241.9375,36861.8398,18256320.0,638579.3125,47843.0898,240998.0156,26543884,12972268,21794070,14105.7998,
45,Hypoxia,3827081.75,109735.9766,7260219.5,787013.125,1237852.875,11840601.0,33271.2188,24556.9707,323825.5313,6066679.5,1082473.75,17766656,12892090.0,339529.3438,618017.9375,306692.375,616374.9375,1543264.5,144649.3438,3653334.75,1650945.125,1820514.625,67076.3672,41053.5625,90713.7812,53773.9688,114081.3281,32566.9922,1360341.0,36006.6211,1686792.375,21806.9395,1489903.375,12778.4004,21288.5,763237.25,1278555.5,240090.9063,152064.5938,3869391.25,45553.6719,1913869.25,534654.4375,690803.0625,5859657.5,253204.2969,731892.1875,288914.6875,366993.0625,461896.0938,343221.1875,220507.0313,356103.8125,185669.0313,138385.5625,572605.0,63006.5703,448785.75,71522.0469,314303.4063,178481.8125,1401462.125,671729.5,1092273.75,43170.5508,3846661.5,51303.8008,125237.0391,465074.7813,58119.5508,66788.1172,134978.3906,23023108,190677.625,877862.6875,72144.6484,29892886,15341.3809,11215904.0,16260.2109,156972.0781,111335.7734,679514.9375,738597.0,566040.4375,30130.2793,596069.9375,39467.2109,682178.4375,886807.75,31961812,1555848.0,9199525.0,237150.5625,548081.4375,24430.4297,183711.2344,570665.1875,2145286.5,49817.3398,131612.0938,323211.2188,46038.5586,437365.1563,36181172,18949314,27104600,28497.3105,
37,Normoxia,2759397.0,97774.5781,4160042.25,1627996.75,166799.8438,10289537.0,32214.918,44247.0586,255108.9375,2138430.5,638756.125,10270484,5214526.0,218464.8125,369510.4375,148287.875,350266.5313,1164658.25,61229.4922,1869321.5,330060.5625,1372964.0,28080.5879,30984.6582,100709.8281,42428.6914,43093.5117,47667.4922,1400476.625,102140.6406,703711.25,15335.0488,526435.875,17936.0703,42449.5586,431560.0938,2176415.75,320559.3125,198587.7188,4246473.5,46194.5312,2342957.5,507559.8438,475906.6563,3793720.5,193016.625,842618.8125,341992.9688,264784.5,403393.6875,272185.9688,169857.25,273778.8438,450476.1875,111246.4219,481481.8438,73569.6719,217186.4375,50217.7188,185757.0313,202442.1563,1915396.0,943397.625,3405796.75,15188.5898,3454353.75,184908.8125,137168.5938,886598.1875,90025.8203,23154.7871,97492.3516,14688702,120001.5625,146456.125,73910.5312,19792496,73494.5234,4747326.5,19713.1094,117904.6172,61548.9297,288601.1563,500511.4375,867705.125,65480.0703,354365.0,43936.8281,399194.4375,537212.0,17560702,925486.8125,3208343.5,245845.5625,158264.2031,2035891.75,31362.6113,109880.9141,2377688.5,35169.5781,12460037.0,187476.9531,33179.8086,288570.3125,18201104,8483246,18782264,42882.8281,
38,Normoxia,3542242.75,266668.5,7186592.0,2953364.0,605046.5625,14402174.0,67808.2422,30400.8926,355819.2813,5611005.5,1347426.0,19711160,15905241.0,346997.2188,923421.1875,193526.0469,414497.5938,2180509.25,95983.4766,4542629.0,1780750.625,1913550.875,26000.0391,52067.3086,161317.9375,20506.4004,36048.0312,55947.8516,1500155.0,37324.6289,1638032.875,27839.1992,708294.1875,18923.9395,16152.6104,525316.5,2451259.75,434709.9063,170555.7031,4453113.5,44809.2617,2121858.25,538355.5625,820747.9375,4301961.0,129759.4609,999845.625,329634.6563,265671.9063,482771.6875,,281509.2813,357839.4688,625222.8125,134096.1563,640237.5,124127.6406,294115.0625,74508.2969,257332.2031,281786.6563,2147287.25,997334.1875,2549459.5,11666.0703,3960685.75,250309.0781,151942.4531,763640.4375,121788.8906,17003.2305,143344.5156,15495795,183108.8438,237293.3906,107279.5234,22614648,93509.2812,5430157.0,17701.7305,115654.6875,71397.4531,312235.25,449338.8125,1159548.25,78352.3125,722056.375,59733.2227,702921.1875,618906.8125,20157206,1020015.75,4774474.5,252802.7656,288737.625,2751137.0,90794.3672,254422.2969,2442773.25,46949.4609,15197042.0,229141.1563,27256.3008,363212.0,24457844,10371493,20522084,32848.5195,
39,Normoxia,2943209.5,597943.25,5394588.5,2719580.5,487535.7813,14696784.0,32495.1992,32416.1797,311774.9063,6114801.5,1109662.875,17613836,13471343.0,284553.0,654358.8125,169630.4531,494421.6875,2247964.0,94629.8594,3633204.5,1539752.75,1327246.75,41314.7109,21989.3203,282530.7188,37564.1484,126946.6797,38115.0508,1217559.75,40032.8516,233814.2188,44081.3594,566041.5,19223.6992,34421.7617,376188.6563,2133071.25,287128.9688,255388.4375,4090309.25,38275.4883,1879304.875,588958.9375,345050.2813,4093416.0,139404.7188,788382.0625,264279.4688,272284.1563,366218.5,275775.8125,114709.4609,360303.1563,617618.9375,143315.3594,701678.5625,245111.0313,366042.375,63838.9102,310477.2188,273694.0313,1635654.0,829187.625,4177096.75,25192.8203,1405187.875,90773.4922,142328.0469,1169412.375,99297.75,56599.9219,165871.125,15988148,150216.5469,285475.0313,65658.8906,20595210,62620.0,6516562.0,20835.5,99749.7812,68287.6562,359433.0938,448786.375,523978.4063,49626.2383,576504.1875,95895.7891,621162.0625,454904.625,20340590,869711.5625,4265220.0,187756.625,197483.6875,2186913.0,85750.6875,280939.8125,2829384.25,34158.7812,18045520.0,169296.375,41314.3984,199657.3594,22532664,9423976,22167924,24657.4609,
40,Normoxia,2739263.25,85158.3203,4730181.0,1623236.875,47321.2383,12453560.0,41543.3906,25979.0,171050.8281,1858590.25,630369.4375,9187967,3470815.25,322640.2813,332881.7188,188182.1094,303326.0625,1036438.188,113648.3516,1251589.875,135695.5313,968857.4375,71983.3984,38705.3203,298920.875,47918.9492,50247.3086,46863.9883,1142320.625,37323.8789,482028.4375,119429.0156,592878.0625,17470.0898,19644.7207,467005.3125,1481649.25,332198.625,173396.625,3546581.75,43452.6406,2088841.5,352013.75,723565.0625,4525102.5,112284.0469,247696.0156,187121.9063,206350.125,3688920.5,238423.1719,46118.2695,294168.7188,206332.0938,149778.25,681412.875,174603.7188,373835.7813,81621.6328,268633.4063,262422.7813,1503516.375,744867.0625,2205674.25,43666.4414,1682408.625,125237.4453,65983.5234,975295.25,72214.1719,68257.5391,156549.2344,20257798,195271.0625,343090.5625,74148.0938,27431178,67413.2422,6626033.0,20105.0605,90546.5625,69970.1094,416597.5625,175533.3125,702439.875,57453.5312,346564.0625,56957.3281,420110.9063,450782.5313,23364834,755836.375,3451296.5,192142.875,234577.4063,2120997.5,102132.25,140450.3594,2929296.0,27958.1094,13680227.0,178379.0625,50324.2109,250294.6094,24805062,11709490,22407012,31773.2207,
47,Normoxia,2403906.25,81311.4766,3381785.25,1198517.25,65618.1406,13498982.0,52687.8984,15347.6289,195314.9219,2834686.5,847394.0,9807593,2919193.5,229831.3906,208134.2813,128913.6016,156218.0156,1401578.125,119565.1875,1276849.625,114597.8906,1632129.875,31381.3672,47712.7617,200700.8438,21505.25,89620.6562,42398.1484,1166792.0,74560.6406,438639.2188,577649.8125,424153.5625,23312.25,20068.6602,380141.0625,1388579.125,237220.3125,153489.2656,3229761.25,34740.3789,1722902.25,484477.2813,365056.0,3085572.0,101680.5313,234707.8281,135479.625,251586.2813,1237735.0,167305.6719,69781.1562,277105.875,208320.8438,162006.1563,717509.1875,212374.875,350458.5313,76261.0781,247284.6563,246300.375,1484044.25,695678.4375,2358591.0,20999.4297,825970.375,91144.1016,68621.0781,854913.4375,56393.4219,66656.5781,119458.4063,21197746,132771.1719,190921.6875,39257.1289,29407142,48031.1016,6180880.0,,109848.2109,101960.5391,509736.4063,241074.1094,456151.75,38713.25,130296.2578,32935.5312,154478.25,458176.0938,22736768,681259.0625,2931272.5,114788.0234,180736.4063,1426754.0,72758.3984,91924.0391,2418719.25,21113.5605,6263590.5,6682112.5,16731.4199,223496.9375,24258108,10409601,21954958,22107.7207,
48,Normoxia,3761476.0,1900085.625,5461464.0,2794404.25,1663679.25,20964574.0,51863.7539,23509.1094,557949.8125,7269970.5,1833404.5,18868498,23925718.0,277702.9063,784795.5,119058.6406,379662.75,2741720.75,81759.2188,1934916.75,3011382.75,1685072.125,28656.5586,31265.5098,168350.4063,50360.1016,115568.5781,45586.1953,1204256.375,67121.8203,276978.4688,424953.1875,403908.75,,41330.5195,355820.2188,1187500.875,203990.7188,171242.4219,3266134.5,29426.0098,1832422.0,448977.4063,504804.0938,3454522.25,104500.5703,207000.0156,133115.2656,228813.1563,1581147.875,234533.3438,72499.2812,253089.9375,209568.9375,160824.3281,743253.125,165471.5469,358563.4063,78123.0234,299177.8125,233925.4375,1599599.125,662544.0625,3554620.0,,2321007.5,57182.9609,57521.5586,699220.6875,47664.6211,71910.1719,117152.1797,21320906,115833.2266,187745.5938,91718.9297,28840202,41421.2188,6223251.0,11090.6104,117644.4375,78091.5391,439046.5313,231980.5,632494.3125,31397.3691,396489.0,41939.0,388786.3438,392105.9375,21886142,612136.875,2878825.5,71228.7812,169080.6563,1263046.0,140722.0156,192380.8594,2162424.0,21303.6191,5576915.0,4087975.25,19077.6094,208983.3125,24636658,10609994,22579942,22763.4395,
49,Normoxia,2749210.5,151820.4219,3420212.25,1080399.625,319562.5938,9317382.0,21640.7695,21149.9004,142827.875,4366289.0,588467.3125,9989907,6629315.5,266180.3438,213426.4688,135060.0938,287745.375,1312836.125,103122.3125,1171691.0,615935.5,1451066.75,28611.0195,36747.1992,144432.6094,56042.9453,93127.0703,38928.4102,1021168.563,37323.1289,195327.8594,3631616.0,498313.9688,744779.5625,35624.2617,331498.3125,1582495.875,189272.7656,192340.3594,3875650.75,31770.1191,1663799.125,522082.125,606590.8125,3385426.25,124787.0625,563837.25,209030.6719,249911.9063,366585.875,233951.7031,180551.5625,245315.4063,366386.6875,113597.7578,564729.0,130838.3516,328363.1875,72444.2578,237337.7813,182546.375,1425121.375,625214.75,4036729.5,15953.4199,967886.625,67200.3281,112087.0781,817003.25,51452.6797,56600.4609,96171.7812,16580260,136246.3125,177352.625,61821.0391,22242644,19961.0898,6185563.5,14131.7695,107716.3906,94193.8203,410927.5,590973.625,857684.0,33207.5898,196205.1875,44900.0312,215856.6719,430832.5313,19811316,871792.0625,3322713.5,125448.8906,169604.375,2140818.5,,63048.8086,2158725.25,21297.5801,16224289.0,1014648.938,24791.1992,186260.3594,24376552,9835209,21861742,33092.8906,
50,Normoxia,2971130.75,148937.1719,4153525.75,1947544.125,92119.3906,11557037.0,23255.2598,26766.6719,188950.1563,3504670.75,877335.375,11294675,4977523.5,311767.8125,405777.2188,161908.0156,314792.0313,1417457.25,124570.0781,1688051.125,283906.3438,2029008.75,54883.1406,43093.2656,173782.4531,52283.6797,139627.625,37271.3789,1307738.0,85789.9922,424518.6563,2119915.25,460295.75,538183.875,34827.6406,478221.875,1757918.375,345912.875,236541.2031,4053002.75,35565.8516,1732571.875,663629.3125,724152.875,4273439.5,209823.1875,742464.9375,242727.8594,321425.75,385049.6563,284975.0625,159847.2969,252571.2344,363448.2813,151695.1094,707266.3125,96172.75,342579.125,97407.3125,286904.0313,242901.9219,1539422.0,880603.625,3832209.25,21717.9492,2015117.25,97051.5391,167680.125,1056613.625,67876.1172,81702.0078,175865.5938,20483138,144919.1875,328377.5,69247.6719,26671252,54878.6992,5751263.0,15545.6787,136361.0938,76885.7188,459702.9375,787763.25,560908.375,36670.8398,291034.0313,54945.4102,254862.8438,476869.8125,23229176,952207.75,3753364.25,158667.8281,254535.3281,2266315.0,42950.7695,107900.9531,2693736.75,31594.7109,14205395.0,803950.75,35703.0781,481863.625,27097868,8853914,25951550,27583.3496,
