pathway,H_transport,SGI,alignment_instability,Instab,score_entropy_only,score_sgi_only,score_instability_only,score_full,score_without_entropy,score_without_sgi,score_without_instability
Pathway_0,0.1397945349196113,0.114137669400412,0.104607568000197,6.32,-0.8283932530063219,-0.9996680673272017,-0.9371073423021122,-0.9217228875452119,-0.968387704814657,-0.8827502976542171,-0.9140306601667618
Pathway_1,0.2250933782927699,0.2328420773038293,0.1457204065027509,9.38,-0.45287324798700157,-0.2617215140516437,-0.7175188804668234,-0.47737121416848954,-0.48962019725923356,-0.5851960642269125,-0.3572973810193226
Pathway_2,0.4209324782982119,0.3824276105041707,0.4350005305718393,6.2,0.40928967133066435,0.6682029141540308,0.827559975616214,0.6350175203669697,0.7478814448851223,0.6184248234734392,0.5387462927423475
Pathway_3,0.0859022617824824,0.087211787368209,0.063287950130598,7.08,-1.0656488344263801,-1.1670574860565839,-1.1578002368353741,-1.130168852439446,-1.162428861445979,-1.1117245356308771,-1.116353160241482
Pathway_4,0.6179866919651263,0.4422410115653301,0.519418032869948,3.1,1.2768020124014365,1.0400433026649996,1.2784436936175179,1.198429669561318,1.1592434981412587,1.2776228530094773,1.158422657533218
Pathway_5,0.2447127969165503,0.2405112842547123,0.2035031063440971,6.26,-0.36650063273537997,-0.21404455802515956,-0.408894746473662,-0.32981331241140055,-0.31146965224941076,-0.387697689604521,-0.2902725953802698
Pathway_6,0.116831266064695,0.1310133971891071,0.1479902873868127,7.18,-0.9294868492926657,-0.8947571766902115,-0.7053951821274472,-0.8432130693701081,-0.8000761794088294,-0.8174410157100565,-0.9121220129914386
Pathway_7,0.6390610761254937,0.5462175322512225,0.3706125003566057,6.22,1.3695799743611237,1.6864313889791065,0.48365600229437805,1.1798891218782028,1.0850436956367422,0.9266179883277509,1.528005681670115
Pathway_8,0.0373943250860655,0.0370150868038285,0.0350002611159936,6.68,-1.2792003893053456,-1.479113986919038,-1.3088880805804883,-1.3557341522682906,-1.3940010337497633,-1.294044234942917,-1.3791571881121918
Pathway_9,0.4288451265068757,0.5213378586057121,0.3397732784514382,6.68,0.44412434877212364,1.5317625798118562,0.31894012401873395,0.7649423508675712,0.925351351915295,0.38153223639542877,0.9879434642919899
Pathway_10,0.6254898048965541,0.4746031413364601,0.6899804483840336,6.22,1.3098337499285706,1.2412280989422588,2.1894374326492527,1.5801664271733606,1.7153327657957558,1.7496355912889117,1.2755309244354147
Pathway_11,0.1642923965040352,0.1544209615012172,0.1578187110375304,7.28,-0.7205437589059094,-0.7492399906835043,-0.6529004259798606,-0.7075613918564247,-0.7010702083316824,-0.686722092442885,-0.7348918747947069
Pathway_12,0.0329007685623184,0.0356197600930481,0.0414764737426687,9.28,-1.2989828424034506,-1.487788277580186,-1.2742978741873803,-1.3536896647236722,-1.3810430758837833,-1.2866403582954153,-1.3933855599918183
Pathway_13,0.3501171403330101,0.1927730360830842,0.2917973125189789,5.52,0.09753191452495534,-0.5108176629154964,0.06269489873426402,-0.11686361655209232,-0.22406138209061616,0.08011340662960968,-0.2066428741952705
Pathway_14,0.0527989878596892,0.0821667906511231,0.0857406768993053,3.74,-1.2113828338343362,-1.1984205837242727,-1.0378776064667077,-1.1492270080084388,-1.1181490950954902,-1.124630220150522,-1.2049017087793046
Pathway_15,0.0633132415730581,0.0972961533179839,0.0605211797242828,6.34,-1.1650948368219274,-1.1043662749546281,-1.172577880021855,-1.14734633059947,-1.1384720774882415,-1.168836358421891,-1.1347305558882779
Pathway_16,0.1297009930379417,0.1538766802490118,0.163084039005362,6.56,-0.8728291063916448,-0.752623609549657,-0.6247776956691659,-0.7500768038701559,-0.6887006526094115,-0.7488034010304053,-0.812726357970651
Pathway_17,0.2707401911969307,0.1667807551123253,0.1654910765578437,7.52,-0.25191751713496546,-0.6724031886168482,-0.6119214275791774,-0.5120807111103304,-0.6421623080980128,-0.43191947235707145,-0.46216035287590684
Pathway_18,0.4711851698452167,0.3485690058642673,0.3434579312461913,4.52,0.6305223426742923,0.4577150221368616,0.3386202840141736,0.47561921627510917,0.3981676530755176,0.484571313344233,0.5441186824055769
Pathway_19,0.6343005335813499,0.4625651605902667,0.3794679033129272,6.74,1.3486221408269574,1.166391902402036,0.5309537415149261,1.0153225949146398,0.848672821958481,0.9397879411709418,1.2575070216144968
Pathway_20,0.5864337281741604,0.465383508475966,0.3906310646502223,5.68,1.1378931051689796,1.183912651167115,0.5905774872001949,0.9707944145120964,0.8872450691836549,0.8642352961845872,1.1609028781680473
Pathway_21,0.1334618857122579,0.1067157028812396,0.1049102674411392,7.16,-0.8562721358620683,-1.0458080103005594,-0.9354905893106892,-0.9458569118244389,-0.9906492998056242,-0.8958813625863787,-0.9510400730813138
Pathway_22,0.1257500924807509,0.1710856824121066,0.091562460295529,5.9,-0.8902225684644727,-0.6456408609233372,-1.0067827828622617,-0.8475487374166905,-0.8262118218927994,-0.9485026756633672,-0.7679317146939049
Pathway_23,0.7823371442398223,0.4842215457896095,0.7436462273171082,5.5,2.0003391697943833,1.3010225795312782,2.476072612275064,1.9258114538669082,1.888547595903171,2.2382058910347236,1.6506808746628308
Pathway_24,0.3121955572804557,0.3374895676963734,0.4373577743695241,6.14,-0.06941423028897147,0.38883777189288304,0.8401502894587435,0.38652461035421826,0.6144940306758133,0.38536802958488603,0.15971177080195578
Pathway_25,0.7133146697085155,0.5051335426561668,0.5504050957596855,6.44,1.6964743228930903,1.4310256373986936,1.4439492078215088,1.5238163893710974,1.437487422610101,1.5702117653572996,1.563749980145892
Pathway_26,0.2124044625714704,0.3071033155802541,0.2829787500701708,9.72,-0.5087349866334078,0.1999363619781226,0.015593928957830025,-0.09773489856581838,0.1077651454679763,-0.24657052883778888,-0.1543993123276426
Pathway_27,0.5974022985433645,0.3850111849570289,0.3360585289697064,1.74,1.1861811878347568,0.684264153128145,0.2990992141105979,0.7231815183578332,0.4916816836193715,0.7426402009726774,0.9352226704814509
Pathway_28,0.3984681454423094,0.3839266541558049,0.4126327626911206,5.88,0.3103925930912808,0.677521979178416,0.7080911205696162,0.5653352309464377,0.6928065498740161,0.5092418568304485,0.49395728613484835
Pathway_29,0.2257259276029808,0.1985627188707232,0.3078418677339349,10.06,-0.45008851010836215,-0.47482509504747505,0.1483907380099855,-0.25884095571528387,-0.1632171785187448,-0.15084888604918834,-0.4624568025779186
