trial,pathway,strategy,step,n_metabolites,auc
0,Arginine and Proline Metabolism,commutator,1,5,1.0
0,Arginine and Proline Metabolism,commutator,2,6,1.0
0,Arginine and Proline Metabolism,variance,1,5,1.0
0,Arginine and Proline Metabolism,variance,2,6,1.0
0,Arginine and Proline Metabolism,random,1,5,1.0
0,Arginine and Proline Metabolism,random,2,6,1.0
0,Purine Metabolism,commutator,1,3,0.903225806451613
0,Purine Metabolism,commutator,2,4,0.982078853046595
0,Purine Metabolism,variance,1,3,0.903225806451613
0,Purine Metabolism,variance,2,4,0.982078853046595
0,Purine Metabolism,random,1,3,0.9713261648745519
0,Purine Metabolism,random,2,4,0.982078853046595
0,Pyrimidine Metabolism,commutator,1,5,0.971326164874552
0,Pyrimidine Metabolism,commutator,2,6,0.978494623655914
0,Pyrimidine Metabolism,variance,1,5,0.971326164874552
0,Pyrimidine Metabolism,variance,2,6,0.978494623655914
0,Pyrimidine Metabolism,random,1,5,0.956989247311828
0,Pyrimidine Metabolism,random,2,6,0.978494623655914
0,Tryptophan Metabolism,commutator,1,4,0.8602150537634409
0,Tryptophan Metabolism,commutator,2,5,0.8602150537634409
0,Tryptophan Metabolism,variance,1,4,0.8602150537634409
0,Tryptophan Metabolism,variance,2,5,0.8602150537634409
0,Tryptophan Metabolism,random,1,4,0.8637992831541219
0,Tryptophan Metabolism,random,2,5,0.8602150537634409
1,Arginine and Proline Metabolism,commutator,1,5,1.0
1,Arginine and Proline Metabolism,commutator,2,6,1.0
1,Arginine and Proline Metabolism,variance,1,5,1.0
1,Arginine and Proline Metabolism,variance,2,6,1.0
1,Arginine and Proline Metabolism,random,1,5,1.0
1,Arginine and Proline Metabolism,random,2,6,1.0
1,Purine Metabolism,commutator,1,3,0.9713261648745519
1,Purine Metabolism,commutator,2,4,0.982078853046595
1,Purine Metabolism,variance,1,3,0.8279569892473118
1,Purine Metabolism,variance,2,4,0.982078853046595
1,Purine Metabolism,random,1,3,0.9713261648745519
1,Purine Metabolism,random,2,4,0.982078853046595
1,Pyrimidine Metabolism,commutator,1,5,0.978494623655914
1,Pyrimidine Metabolism,commutator,2,6,0.978494623655914
1,Pyrimidine Metabolism,variance,1,5,0.978494623655914
1,Pyrimidine Metabolism,variance,2,6,0.978494623655914
1,Pyrimidine Metabolism,random,1,5,0.978494623655914
1,Pyrimidine Metabolism,random,2,6,0.978494623655914
1,Tryptophan Metabolism,commutator,1,4,0.7706093189964157
1,Tryptophan Metabolism,commutator,2,5,0.8602150537634409
1,Tryptophan Metabolism,variance,1,4,0.7706093189964157
1,Tryptophan Metabolism,variance,2,5,0.8602150537634409
1,Tryptophan Metabolism,random,1,4,0.935483870967742
1,Tryptophan Metabolism,random,2,5,0.8602150537634409
2,Arginine and Proline Metabolism,commutator,1,5,1.0
2,Arginine and Proline Metabolism,commutator,2,6,1.0
2,Arginine and Proline Metabolism,variance,1,5,1.0
2,Arginine and Proline Metabolism,variance,2,6,1.0
2,Arginine and Proline Metabolism,random,1,5,1.0
2,Arginine and Proline Metabolism,random,2,6,1.0
2,Purine Metabolism,commutator,1,3,0.9713261648745519
2,Purine Metabolism,commutator,2,4,0.982078853046595
2,Purine Metabolism,variance,1,3,0.8279569892473118
2,Purine Metabolism,variance,2,4,0.982078853046595
2,Purine Metabolism,random,1,3,0.8279569892473118
2,Purine Metabolism,random,2,4,0.982078853046595
2,Pyrimidine Metabolism,commutator,1,5,0.982078853046595
2,Pyrimidine Metabolism,commutator,2,6,0.978494623655914
2,Pyrimidine Metabolism,variance,1,5,0.982078853046595
2,Pyrimidine Metabolism,variance,2,6,0.978494623655914
2,Pyrimidine Metabolism,random,1,5,0.982078853046595
2,Pyrimidine Metabolism,random,2,6,0.978494623655914
2,Tryptophan Metabolism,commutator,1,4,0.8602150537634409
2,Tryptophan Metabolism,commutator,2,5,0.8602150537634409
2,Tryptophan Metabolism,variance,1,4,0.8602150537634409
2,Tryptophan Metabolism,variance,2,5,0.8602150537634409
2,Tryptophan Metabolism,random,1,4,0.8602150537634409
2,Tryptophan Metabolism,random,2,5,0.8602150537634409
3,Arginine and Proline Metabolism,commutator,1,5,1.0
3,Arginine and Proline Metabolism,commutator,2,6,1.0
3,Arginine and Proline Metabolism,variance,1,5,1.0
3,Arginine and Proline Metabolism,variance,2,6,1.0
3,Arginine and Proline Metabolism,random,1,5,1.0
3,Arginine and Proline Metabolism,random,2,6,1.0
3,Purine Metabolism,commutator,1,3,0.978494623655914
3,Purine Metabolism,commutator,2,4,0.982078853046595
3,Purine Metabolism,variance,1,3,0.978494623655914
3,Purine Metabolism,variance,2,4,0.982078853046595
3,Purine Metabolism,random,1,3,0.978494623655914
3,Purine Metabolism,random,2,4,0.982078853046595
3,Pyrimidine Metabolism,commutator,1,5,0.971326164874552
3,Pyrimidine Metabolism,commutator,2,6,0.978494623655914
3,Pyrimidine Metabolism,variance,1,5,0.971326164874552
3,Pyrimidine Metabolism,variance,2,6,0.978494623655914
3,Pyrimidine Metabolism,random,1,5,0.971326164874552
3,Pyrimidine Metabolism,random,2,6,0.978494623655914
3,Tryptophan Metabolism,commutator,1,4,0.935483870967742
3,Tryptophan Metabolism,commutator,2,5,0.8602150537634409
3,Tryptophan Metabolism,variance,1,4,0.935483870967742
3,Tryptophan Metabolism,variance,2,5,0.8602150537634409
3,Tryptophan Metabolism,random,1,4,0.8637992831541219
3,Tryptophan Metabolism,random,2,5,0.8602150537634409
4,Arginine and Proline Metabolism,commutator,1,5,0.8279569892473118
4,Arginine and Proline Metabolism,commutator,2,6,1.0
4,Arginine and Proline Metabolism,variance,1,5,0.8279569892473118
4,Arginine and Proline Metabolism,variance,2,6,1.0
4,Arginine and Proline Metabolism,random,1,5,1.0
4,Arginine and Proline Metabolism,random,2,6,1.0
4,Purine Metabolism,commutator,1,3,0.978494623655914
4,Purine Metabolism,commutator,2,4,0.982078853046595
4,Purine Metabolism,variance,1,3,0.978494623655914
4,Purine Metabolism,variance,2,4,0.982078853046595
4,Purine Metabolism,random,1,3,0.9713261648745519
4,Purine Metabolism,random,2,4,0.982078853046595
4,Pyrimidine Metabolism,commutator,1,5,0.978494623655914
4,Pyrimidine Metabolism,commutator,2,6,0.978494623655914
4,Pyrimidine Metabolism,variance,1,5,0.978494623655914
4,Pyrimidine Metabolism,variance,2,6,0.978494623655914
4,Pyrimidine Metabolism,random,1,5,0.978494623655914
4,Pyrimidine Metabolism,random,2,6,0.978494623655914
4,Tryptophan Metabolism,commutator,1,4,0.7706093189964157
4,Tryptophan Metabolism,commutator,2,5,0.8602150537634409
4,Tryptophan Metabolism,variance,1,4,0.7706093189964157
4,Tryptophan Metabolism,variance,2,5,0.8602150537634409
4,Tryptophan Metabolism,random,1,4,0.935483870967742
4,Tryptophan Metabolism,random,2,5,0.8602150537634409
5,Arginine and Proline Metabolism,commutator,1,5,1.0
5,Arginine and Proline Metabolism,commutator,2,6,1.0
5,Arginine and Proline Metabolism,variance,1,5,1.0
5,Arginine and Proline Metabolism,variance,2,6,1.0
5,Arginine and Proline Metabolism,random,1,5,1.0
5,Arginine and Proline Metabolism,random,2,6,1.0
5,Purine Metabolism,commutator,1,3,0.8279569892473118
5,Purine Metabolism,commutator,2,4,0.982078853046595
5,Purine Metabolism,variance,1,3,0.8279569892473118
5,Purine Metabolism,variance,2,4,0.982078853046595
5,Purine Metabolism,random,1,3,0.8279569892473118
5,Purine Metabolism,random,2,4,0.982078853046595
5,Pyrimidine Metabolism,commutator,1,5,0.978494623655914
5,Pyrimidine Metabolism,commutator,2,6,0.978494623655914
5,Pyrimidine Metabolism,variance,1,5,0.978494623655914
5,Pyrimidine Metabolism,variance,2,6,0.978494623655914
5,Pyrimidine Metabolism,random,1,5,0.978494623655914
5,Pyrimidine Metabolism,random,2,6,0.978494623655914
5,Tryptophan Metabolism,commutator,1,4,0.8637992831541219
5,Tryptophan Metabolism,commutator,2,5,0.8602150537634409
5,Tryptophan Metabolism,variance,1,4,0.8637992831541219
5,Tryptophan Metabolism,variance,2,5,0.8602150537634409
5,Tryptophan Metabolism,random,1,4,0.8637992831541219
5,Tryptophan Metabolism,random,2,5,0.8602150537634409
6,Arginine and Proline Metabolism,commutator,1,5,1.0
6,Arginine and Proline Metabolism,commutator,2,6,1.0
6,Arginine and Proline Metabolism,variance,1,5,1.0
6,Arginine and Proline Metabolism,variance,2,6,1.0
6,Arginine and Proline Metabolism,random,1,5,1.0
6,Arginine and Proline Metabolism,random,2,6,1.0
6,Purine Metabolism,commutator,1,3,0.978494623655914
6,Purine Metabolism,commutator,2,4,0.982078853046595
6,Purine Metabolism,variance,1,3,0.978494623655914
6,Purine Metabolism,variance,2,4,0.982078853046595
6,Purine Metabolism,random,1,3,0.9713261648745519
6,Purine Metabolism,random,2,4,0.982078853046595
6,Pyrimidine Metabolism,commutator,1,5,0.978494623655914
6,Pyrimidine Metabolism,commutator,2,6,0.978494623655914
6,Pyrimidine Metabolism,variance,1,5,0.978494623655914
6,Pyrimidine Metabolism,variance,2,6,0.978494623655914
6,Pyrimidine Metabolism,random,1,5,0.978494623655914
6,Pyrimidine Metabolism,random,2,6,0.978494623655914
6,Tryptophan Metabolism,commutator,1,4,0.8602150537634409
6,Tryptophan Metabolism,commutator,2,5,0.8602150537634409
6,Tryptophan Metabolism,variance,1,4,0.8602150537634409
6,Tryptophan Metabolism,variance,2,5,0.8602150537634409
6,Tryptophan Metabolism,random,1,4,0.8637992831541219
6,Tryptophan Metabolism,random,2,5,0.8602150537634409
7,Arginine and Proline Metabolism,commutator,1,5,1.0
7,Arginine and Proline Metabolism,commutator,2,6,1.0
7,Arginine and Proline Metabolism,variance,1,5,1.0
7,Arginine and Proline Metabolism,variance,2,6,1.0
7,Arginine and Proline Metabolism,random,1,5,1.0
7,Arginine and Proline Metabolism,random,2,6,1.0
7,Purine Metabolism,commutator,1,3,0.903225806451613
7,Purine Metabolism,commutator,2,4,0.982078853046595
7,Purine Metabolism,variance,1,3,0.903225806451613
7,Purine Metabolism,variance,2,4,0.982078853046595
7,Purine Metabolism,random,1,3,0.903225806451613
7,Purine Metabolism,random,2,4,0.982078853046595
7,Pyrimidine Metabolism,commutator,1,5,0.982078853046595
7,Pyrimidine Metabolism,commutator,2,6,0.978494623655914
7,Pyrimidine Metabolism,variance,1,5,0.982078853046595
7,Pyrimidine Metabolism,variance,2,6,0.978494623655914
7,Pyrimidine Metabolism,random,1,5,0.982078853046595
7,Pyrimidine Metabolism,random,2,6,0.978494623655914
7,Tryptophan Metabolism,commutator,1,4,0.8602150537634409
7,Tryptophan Metabolism,commutator,2,5,0.8602150537634409
7,Tryptophan Metabolism,variance,1,4,0.8602150537634409
7,Tryptophan Metabolism,variance,2,5,0.8602150537634409
7,Tryptophan Metabolism,random,1,4,0.8602150537634409
7,Tryptophan Metabolism,random,2,5,0.8602150537634409
8,Arginine and Proline Metabolism,commutator,1,5,1.0
8,Arginine and Proline Metabolism,commutator,2,6,1.0
8,Arginine and Proline Metabolism,variance,1,5,1.0
8,Arginine and Proline Metabolism,variance,2,6,1.0
8,Arginine and Proline Metabolism,random,1,5,1.0
8,Arginine and Proline Metabolism,random,2,6,1.0
8,Purine Metabolism,commutator,1,3,0.903225806451613
8,Purine Metabolism,commutator,2,4,0.982078853046595
8,Purine Metabolism,variance,1,3,0.903225806451613
8,Purine Metabolism,variance,2,4,0.982078853046595
8,Purine Metabolism,random,1,3,0.9713261648745519
8,Purine Metabolism,random,2,4,0.982078853046595
8,Pyrimidine Metabolism,commutator,1,5,0.978494623655914
8,Pyrimidine Metabolism,commutator,2,6,0.978494623655914
8,Pyrimidine Metabolism,variance,1,5,0.978494623655914
8,Pyrimidine Metabolism,variance,2,6,0.978494623655914
8,Pyrimidine Metabolism,random,1,5,0.978494623655914
8,Pyrimidine Metabolism,random,2,6,0.978494623655914
8,Tryptophan Metabolism,commutator,1,4,0.935483870967742
8,Tryptophan Metabolism,commutator,2,5,0.8602150537634409
8,Tryptophan Metabolism,variance,1,4,0.935483870967742
8,Tryptophan Metabolism,variance,2,5,0.8602150537634409
8,Tryptophan Metabolism,random,1,4,0.935483870967742
8,Tryptophan Metabolism,random,2,5,0.8602150537634409
9,Arginine and Proline Metabolism,commutator,1,5,0.8279569892473118
9,Arginine and Proline Metabolism,commutator,2,6,1.0
9,Arginine and Proline Metabolism,variance,1,5,0.8279569892473118
9,Arginine and Proline Metabolism,variance,2,6,1.0
9,Arginine and Proline Metabolism,random,1,5,1.0
9,Arginine and Proline Metabolism,random,2,6,1.0
9,Purine Metabolism,commutator,1,3,0.978494623655914
9,Purine Metabolism,commutator,2,4,0.982078853046595
9,Purine Metabolism,variance,1,3,0.978494623655914
9,Purine Metabolism,variance,2,4,0.982078853046595
9,Purine Metabolism,random,1,3,0.978494623655914
9,Purine Metabolism,random,2,4,0.982078853046595
9,Pyrimidine Metabolism,commutator,1,5,0.982078853046595
9,Pyrimidine Metabolism,commutator,2,6,0.978494623655914
9,Pyrimidine Metabolism,variance,1,5,0.982078853046595
9,Pyrimidine Metabolism,variance,2,6,0.978494623655914
9,Pyrimidine Metabolism,random,1,5,0.953405017921147
9,Pyrimidine Metabolism,random,2,6,0.978494623655914
9,Tryptophan Metabolism,commutator,1,4,0.8602150537634409
9,Tryptophan Metabolism,commutator,2,5,0.8602150537634409
9,Tryptophan Metabolism,variance,1,4,0.8602150537634409
9,Tryptophan Metabolism,variance,2,5,0.8602150537634409
9,Tryptophan Metabolism,random,1,4,0.8602150537634409
9,Tryptophan Metabolism,random,2,5,0.8602150537634409
10,Arginine and Proline Metabolism,commutator,1,5,1.0
10,Arginine and Proline Metabolism,commutator,2,6,1.0
10,Arginine and Proline Metabolism,variance,1,5,1.0
10,Arginine and Proline Metabolism,variance,2,6,1.0
10,Arginine and Proline Metabolism,random,1,5,1.0
10,Arginine and Proline Metabolism,random,2,6,1.0
10,Purine Metabolism,commutator,1,3,0.978494623655914
10,Purine Metabolism,commutator,2,4,0.982078853046595
10,Purine Metabolism,variance,1,3,0.8279569892473118
10,Purine Metabolism,variance,2,4,0.982078853046595
10,Purine Metabolism,random,1,3,0.8279569892473118
10,Purine Metabolism,random,2,4,0.982078853046595
10,Pyrimidine Metabolism,commutator,1,5,0.978494623655914
10,Pyrimidine Metabolism,commutator,2,6,0.978494623655914
10,Pyrimidine Metabolism,variance,1,5,0.978494623655914
10,Pyrimidine Metabolism,variance,2,6,0.978494623655914
10,Pyrimidine Metabolism,random,1,5,0.978494623655914
10,Pyrimidine Metabolism,random,2,6,0.978494623655914
10,Tryptophan Metabolism,commutator,1,4,0.7706093189964157
10,Tryptophan Metabolism,commutator,2,5,0.8602150537634409
10,Tryptophan Metabolism,variance,1,4,0.7706093189964157
10,Tryptophan Metabolism,variance,2,5,0.8602150537634409
10,Tryptophan Metabolism,random,1,4,0.8637992831541219
10,Tryptophan Metabolism,random,2,5,0.8602150537634409
11,Arginine and Proline Metabolism,commutator,1,5,0.8279569892473118
11,Arginine and Proline Metabolism,commutator,2,6,1.0
11,Arginine and Proline Metabolism,variance,1,5,0.8279569892473118
11,Arginine and Proline Metabolism,variance,2,6,1.0
11,Arginine and Proline Metabolism,random,1,5,1.0
11,Arginine and Proline Metabolism,random,2,6,1.0
11,Purine Metabolism,commutator,1,3,0.978494623655914
11,Purine Metabolism,commutator,2,4,0.982078853046595
11,Purine Metabolism,variance,1,3,0.978494623655914
11,Purine Metabolism,variance,2,4,0.982078853046595
11,Purine Metabolism,random,1,3,0.978494623655914
11,Purine Metabolism,random,2,4,0.982078853046595
11,Pyrimidine Metabolism,commutator,1,5,0.982078853046595
11,Pyrimidine Metabolism,commutator,2,6,0.978494623655914
11,Pyrimidine Metabolism,variance,1,5,0.982078853046595
11,Pyrimidine Metabolism,variance,2,6,0.978494623655914
11,Pyrimidine Metabolism,random,1,5,0.953405017921147
11,Pyrimidine Metabolism,random,2,6,0.978494623655914
11,Tryptophan Metabolism,commutator,1,4,0.7706093189964157
11,Tryptophan Metabolism,commutator,2,5,0.8602150537634409
11,Tryptophan Metabolism,variance,1,4,0.7706093189964157
11,Tryptophan Metabolism,variance,2,5,0.8602150537634409
11,Tryptophan Metabolism,random,1,4,0.8637992831541219
11,Tryptophan Metabolism,random,2,5,0.8602150537634409
12,Arginine and Proline Metabolism,commutator,1,5,0.8279569892473118
12,Arginine and Proline Metabolism,commutator,2,6,1.0
12,Arginine and Proline Metabolism,variance,1,5,0.8279569892473118
12,Arginine and Proline Metabolism,variance,2,6,1.0
12,Arginine and Proline Metabolism,random,1,5,1.0
12,Arginine and Proline Metabolism,random,2,6,1.0
12,Purine Metabolism,commutator,1,3,0.978494623655914
12,Purine Metabolism,commutator,2,4,0.982078853046595
12,Purine Metabolism,variance,1,3,0.8279569892473118
12,Purine Metabolism,variance,2,4,0.982078853046595
12,Purine Metabolism,random,1,3,0.8279569892473118
12,Purine Metabolism,random,2,4,0.982078853046595
12,Pyrimidine Metabolism,commutator,1,5,0.978494623655914
12,Pyrimidine Metabolism,commutator,2,6,0.978494623655914
12,Pyrimidine Metabolism,variance,1,5,0.982078853046595
12,Pyrimidine Metabolism,variance,2,6,0.978494623655914
12,Pyrimidine Metabolism,random,1,5,0.978494623655914
12,Pyrimidine Metabolism,random,2,6,0.978494623655914
12,Tryptophan Metabolism,commutator,1,4,0.7706093189964157
12,Tryptophan Metabolism,commutator,2,5,0.8602150537634409
12,Tryptophan Metabolism,variance,1,4,0.7706093189964157
12,Tryptophan Metabolism,variance,2,5,0.8602150537634409
12,Tryptophan Metabolism,random,1,4,0.935483870967742
12,Tryptophan Metabolism,random,2,5,0.8602150537634409
13,Arginine and Proline Metabolism,commutator,1,5,1.0
13,Arginine and Proline Metabolism,commutator,2,6,1.0
13,Arginine and Proline Metabolism,variance,1,5,1.0
13,Arginine and Proline Metabolism,variance,2,6,1.0
13,Arginine and Proline Metabolism,random,1,5,1.0
13,Arginine and Proline Metabolism,random,2,6,1.0
13,Purine Metabolism,commutator,1,3,0.9713261648745519
13,Purine Metabolism,commutator,2,4,0.982078853046595
13,Purine Metabolism,variance,1,3,0.8279569892473118
13,Purine Metabolism,variance,2,4,0.982078853046595
13,Purine Metabolism,random,1,3,0.9713261648745519
13,Purine Metabolism,random,2,4,0.982078853046595
13,Pyrimidine Metabolism,commutator,1,5,0.978494623655914
13,Pyrimidine Metabolism,commutator,2,6,0.978494623655914
13,Pyrimidine Metabolism,variance,1,5,0.978494623655914
13,Pyrimidine Metabolism,variance,2,6,0.978494623655914
13,Pyrimidine Metabolism,random,1,5,0.978494623655914
13,Pyrimidine Metabolism,random,2,6,0.978494623655914
13,Tryptophan Metabolism,commutator,1,4,0.8602150537634409
13,Tryptophan Metabolism,commutator,2,5,0.8602150537634409
13,Tryptophan Metabolism,variance,1,4,0.8602150537634409
13,Tryptophan Metabolism,variance,2,5,0.8602150537634409
13,Tryptophan Metabolism,random,1,4,0.8637992831541219
13,Tryptophan Metabolism,random,2,5,0.8602150537634409
14,Arginine and Proline Metabolism,commutator,1,5,1.0
14,Arginine and Proline Metabolism,commutator,2,6,1.0
14,Arginine and Proline Metabolism,variance,1,5,1.0
14,Arginine and Proline Metabolism,variance,2,6,1.0
14,Arginine and Proline Metabolism,random,1,5,1.0
14,Arginine and Proline Metabolism,random,2,6,1.0
14,Purine Metabolism,commutator,1,3,0.8279569892473118
14,Purine Metabolism,commutator,2,4,0.982078853046595
14,Purine Metabolism,variance,1,3,0.8279569892473118
14,Purine Metabolism,variance,2,4,0.982078853046595
14,Purine Metabolism,random,1,3,0.8279569892473118
14,Purine Metabolism,random,2,4,0.982078853046595
14,Pyrimidine Metabolism,commutator,1,5,0.978494623655914
14,Pyrimidine Metabolism,commutator,2,6,0.978494623655914
14,Pyrimidine Metabolism,variance,1,5,0.978494623655914
14,Pyrimidine Metabolism,variance,2,6,0.978494623655914
14,Pyrimidine Metabolism,random,1,5,0.978494623655914
14,Pyrimidine Metabolism,random,2,6,0.978494623655914
14,Tryptophan Metabolism,commutator,1,4,0.8637992831541219
14,Tryptophan Metabolism,commutator,2,5,0.8602150537634409
14,Tryptophan Metabolism,variance,1,4,0.8637992831541219
14,Tryptophan Metabolism,variance,2,5,0.8602150537634409
14,Tryptophan Metabolism,random,1,4,0.8637992831541219
14,Tryptophan Metabolism,random,2,5,0.8602150537634409
15,Arginine and Proline Metabolism,commutator,1,5,1.0
15,Arginine and Proline Metabolism,commutator,2,6,1.0
15,Arginine and Proline Metabolism,variance,1,5,1.0
15,Arginine and Proline Metabolism,variance,2,6,1.0
15,Arginine and Proline Metabolism,random,1,5,1.0
15,Arginine and Proline Metabolism,random,2,6,1.0
15,Purine Metabolism,commutator,1,3,0.903225806451613
15,Purine Metabolism,commutator,2,4,0.982078853046595
15,Purine Metabolism,variance,1,3,0.903225806451613
15,Purine Metabolism,variance,2,4,0.982078853046595
15,Purine Metabolism,random,1,3,0.903225806451613
15,Purine Metabolism,random,2,4,0.982078853046595
15,Pyrimidine Metabolism,commutator,1,5,0.982078853046595
15,Pyrimidine Metabolism,commutator,2,6,0.978494623655914
15,Pyrimidine Metabolism,variance,1,5,0.982078853046595
15,Pyrimidine Metabolism,variance,2,6,0.978494623655914
15,Pyrimidine Metabolism,random,1,5,0.971326164874552
15,Pyrimidine Metabolism,random,2,6,0.978494623655914
15,Tryptophan Metabolism,commutator,1,4,0.7706093189964157
15,Tryptophan Metabolism,commutator,2,5,0.8602150537634409
15,Tryptophan Metabolism,variance,1,4,0.7706093189964157
15,Tryptophan Metabolism,variance,2,5,0.8602150537634409
15,Tryptophan Metabolism,random,1,4,0.7706093189964157
15,Tryptophan Metabolism,random,2,5,0.8602150537634409
16,Arginine and Proline Metabolism,commutator,1,5,1.0
16,Arginine and Proline Metabolism,commutator,2,6,1.0
16,Arginine and Proline Metabolism,variance,1,5,1.0
16,Arginine and Proline Metabolism,variance,2,6,1.0
16,Arginine and Proline Metabolism,random,1,5,1.0
16,Arginine and Proline Metabolism,random,2,6,1.0
16,Purine Metabolism,commutator,1,3,0.8279569892473118
16,Purine Metabolism,commutator,2,4,0.982078853046595
16,Purine Metabolism,variance,1,3,0.8279569892473118
16,Purine Metabolism,variance,2,4,0.982078853046595
16,Purine Metabolism,random,1,3,0.8279569892473118
16,Purine Metabolism,random,2,4,0.982078853046595
16,Pyrimidine Metabolism,commutator,1,5,0.978494623655914
16,Pyrimidine Metabolism,commutator,2,6,0.978494623655914
16,Pyrimidine Metabolism,variance,1,5,0.978494623655914
16,Pyrimidine Metabolism,variance,2,6,0.978494623655914
16,Pyrimidine Metabolism,random,1,5,0.978494623655914
16,Pyrimidine Metabolism,random,2,6,0.978494623655914
16,Tryptophan Metabolism,commutator,1,4,0.7706093189964157
16,Tryptophan Metabolism,commutator,2,5,0.8602150537634409
16,Tryptophan Metabolism,variance,1,4,0.7706093189964157
16,Tryptophan Metabolism,variance,2,5,0.8602150537634409
16,Tryptophan Metabolism,random,1,4,0.8637992831541219
16,Tryptophan Metabolism,random,2,5,0.8602150537634409
17,Arginine and Proline Metabolism,commutator,1,5,1.0
17,Arginine and Proline Metabolism,commutator,2,6,1.0
17,Arginine and Proline Metabolism,variance,1,5,1.0
17,Arginine and Proline Metabolism,variance,2,6,1.0
17,Arginine and Proline Metabolism,random,1,5,1.0
17,Arginine and Proline Metabolism,random,2,6,1.0
17,Purine Metabolism,commutator,1,3,0.978494623655914
17,Purine Metabolism,commutator,2,4,0.982078853046595
17,Purine Metabolism,variance,1,3,0.978494623655914
17,Purine Metabolism,variance,2,4,0.982078853046595
17,Purine Metabolism,random,1,3,0.978494623655914
17,Purine Metabolism,random,2,4,0.982078853046595
17,Pyrimidine Metabolism,commutator,1,5,0.978494623655914
17,Pyrimidine Metabolism,commutator,2,6,0.978494623655914
17,Pyrimidine Metabolism,variance,1,5,0.982078853046595
17,Pyrimidine Metabolism,variance,2,6,0.978494623655914
17,Pyrimidine Metabolism,random,1,5,0.978494623655914
17,Pyrimidine Metabolism,random,2,6,0.978494623655914
17,Tryptophan Metabolism,commutator,1,4,0.8602150537634409
17,Tryptophan Metabolism,commutator,2,5,0.8602150537634409
17,Tryptophan Metabolism,variance,1,4,0.8602150537634409
17,Tryptophan Metabolism,variance,2,5,0.8602150537634409
17,Tryptophan Metabolism,random,1,4,0.8637992831541219
17,Tryptophan Metabolism,random,2,5,0.8602150537634409
18,Arginine and Proline Metabolism,commutator,1,5,1.0
18,Arginine and Proline Metabolism,commutator,2,6,1.0
18,Arginine and Proline Metabolism,variance,1,5,1.0
18,Arginine and Proline Metabolism,variance,2,6,1.0
18,Arginine and Proline Metabolism,random,1,5,0.8279569892473118
18,Arginine and Proline Metabolism,random,2,6,1.0
18,Purine Metabolism,commutator,1,3,0.8279569892473118
18,Purine Metabolism,commutator,2,4,0.982078853046595
18,Purine Metabolism,variance,1,3,0.8279569892473118
18,Purine Metabolism,variance,2,4,0.982078853046595
18,Purine Metabolism,random,1,3,0.903225806451613
18,Purine Metabolism,random,2,4,0.982078853046595
18,Pyrimidine Metabolism,commutator,1,5,0.982078853046595
18,Pyrimidine Metabolism,commutator,2,6,0.978494623655914
18,Pyrimidine Metabolism,variance,1,5,0.982078853046595
18,Pyrimidine Metabolism,variance,2,6,0.978494623655914
18,Pyrimidine Metabolism,random,1,5,0.971326164874552
18,Pyrimidine Metabolism,random,2,6,0.978494623655914
18,Tryptophan Metabolism,commutator,1,4,0.7706093189964157
18,Tryptophan Metabolism,commutator,2,5,0.8602150537634409
18,Tryptophan Metabolism,variance,1,4,0.7706093189964157
18,Tryptophan Metabolism,variance,2,5,0.8602150537634409
18,Tryptophan Metabolism,random,1,4,0.7706093189964157
18,Tryptophan Metabolism,random,2,5,0.8602150537634409
19,Arginine and Proline Metabolism,commutator,1,5,1.0
19,Arginine and Proline Metabolism,commutator,2,6,1.0
19,Arginine and Proline Metabolism,variance,1,5,1.0
19,Arginine and Proline Metabolism,variance,2,6,1.0
19,Arginine and Proline Metabolism,random,1,5,1.0
19,Arginine and Proline Metabolism,random,2,6,1.0
19,Purine Metabolism,commutator,1,3,0.978494623655914
19,Purine Metabolism,commutator,2,4,0.982078853046595
19,Purine Metabolism,variance,1,3,0.978494623655914
19,Purine Metabolism,variance,2,4,0.982078853046595
19,Purine Metabolism,random,1,3,0.978494623655914
19,Purine Metabolism,random,2,4,0.982078853046595
19,Pyrimidine Metabolism,commutator,1,5,0.971326164874552
19,Pyrimidine Metabolism,commutator,2,6,0.978494623655914
19,Pyrimidine Metabolism,variance,1,5,0.971326164874552
19,Pyrimidine Metabolism,variance,2,6,0.978494623655914
19,Pyrimidine Metabolism,random,1,5,0.956989247311828
19,Pyrimidine Metabolism,random,2,6,0.978494623655914
19,Tryptophan Metabolism,commutator,1,4,0.935483870967742
19,Tryptophan Metabolism,commutator,2,5,0.8602150537634409
19,Tryptophan Metabolism,variance,1,4,0.935483870967742
19,Tryptophan Metabolism,variance,2,5,0.8602150537634409
19,Tryptophan Metabolism,random,1,4,0.935483870967742
19,Tryptophan Metabolism,random,2,5,0.8602150537634409
20,Arginine and Proline Metabolism,commutator,1,5,1.0
20,Arginine and Proline Metabolism,commutator,2,6,1.0
20,Arginine and Proline Metabolism,variance,1,5,1.0
20,Arginine and Proline Metabolism,variance,2,6,1.0
20,Arginine and Proline Metabolism,random,1,5,1.0
20,Arginine and Proline Metabolism,random,2,6,1.0
20,Purine Metabolism,commutator,1,3,0.8279569892473118
20,Purine Metabolism,commutator,2,4,0.982078853046595
20,Purine Metabolism,variance,1,3,0.8279569892473118
20,Purine Metabolism,variance,2,4,0.982078853046595
20,Purine Metabolism,random,1,3,0.8279569892473118
20,Purine Metabolism,random,2,4,0.982078853046595
20,Pyrimidine Metabolism,commutator,1,5,0.978494623655914
20,Pyrimidine Metabolism,commutator,2,6,0.978494623655914
20,Pyrimidine Metabolism,variance,1,5,0.978494623655914
20,Pyrimidine Metabolism,variance,2,6,0.978494623655914
20,Pyrimidine Metabolism,random,1,5,0.978494623655914
20,Pyrimidine Metabolism,random,2,6,0.978494623655914
20,Tryptophan Metabolism,commutator,1,4,0.8602150537634409
20,Tryptophan Metabolism,commutator,2,5,0.8602150537634409
20,Tryptophan Metabolism,variance,1,4,0.8602150537634409
20,Tryptophan Metabolism,variance,2,5,0.8602150537634409
20,Tryptophan Metabolism,random,1,4,0.935483870967742
20,Tryptophan Metabolism,random,2,5,0.8602150537634409
21,Arginine and Proline Metabolism,commutator,1,5,1.0
21,Arginine and Proline Metabolism,commutator,2,6,1.0
21,Arginine and Proline Metabolism,variance,1,5,1.0
21,Arginine and Proline Metabolism,variance,2,6,1.0
21,Arginine and Proline Metabolism,random,1,5,1.0
21,Arginine and Proline Metabolism,random,2,6,1.0
21,Purine Metabolism,commutator,1,3,0.9713261648745519
21,Purine Metabolism,commutator,2,4,0.982078853046595
21,Purine Metabolism,variance,1,3,0.8279569892473118
21,Purine Metabolism,variance,2,4,0.982078853046595
21,Purine Metabolism,random,1,3,0.9713261648745519
21,Purine Metabolism,random,2,4,0.982078853046595
21,Pyrimidine Metabolism,commutator,1,5,0.971326164874552
21,Pyrimidine Metabolism,commutator,2,6,0.978494623655914
21,Pyrimidine Metabolism,variance,1,5,0.971326164874552
21,Pyrimidine Metabolism,variance,2,6,0.978494623655914
21,Pyrimidine Metabolism,random,1,5,0.956989247311828
21,Pyrimidine Metabolism,random,2,6,0.978494623655914
21,Tryptophan Metabolism,commutator,1,4,0.8602150537634409
21,Tryptophan Metabolism,commutator,2,5,0.8602150537634409
21,Tryptophan Metabolism,variance,1,4,0.8602150537634409
21,Tryptophan Metabolism,variance,2,5,0.8602150537634409
21,Tryptophan Metabolism,random,1,4,0.935483870967742
21,Tryptophan Metabolism,random,2,5,0.8602150537634409
22,Arginine and Proline Metabolism,commutator,1,5,1.0
22,Arginine and Proline Metabolism,commutator,2,6,1.0
22,Arginine and Proline Metabolism,variance,1,5,1.0
22,Arginine and Proline Metabolism,variance,2,6,1.0
22,Arginine and Proline Metabolism,random,1,5,1.0
22,Arginine and Proline Metabolism,random,2,6,1.0
22,Purine Metabolism,commutator,1,3,0.8279569892473118
22,Purine Metabolism,commutator,2,4,0.982078853046595
22,Purine Metabolism,variance,1,3,0.8279569892473118
22,Purine Metabolism,variance,2,4,0.982078853046595
22,Purine Metabolism,random,1,3,0.903225806451613
22,Purine Metabolism,random,2,4,0.982078853046595
22,Pyrimidine Metabolism,commutator,1,5,0.978494623655914
22,Pyrimidine Metabolism,commutator,2,6,0.978494623655914
22,Pyrimidine Metabolism,variance,1,5,0.978494623655914
22,Pyrimidine Metabolism,variance,2,6,0.978494623655914
22,Pyrimidine Metabolism,random,1,5,0.956989247311828
22,Pyrimidine Metabolism,random,2,6,0.978494623655914
22,Tryptophan Metabolism,commutator,1,4,0.8602150537634409
22,Tryptophan Metabolism,commutator,2,5,0.8602150537634409
22,Tryptophan Metabolism,variance,1,4,0.8602150537634409
22,Tryptophan Metabolism,variance,2,5,0.8602150537634409
22,Tryptophan Metabolism,random,1,4,0.8602150537634409
22,Tryptophan Metabolism,random,2,5,0.8602150537634409
23,Arginine and Proline Metabolism,commutator,1,5,1.0
23,Arginine and Proline Metabolism,commutator,2,6,1.0
23,Arginine and Proline Metabolism,variance,1,5,1.0
23,Arginine and Proline Metabolism,variance,2,6,1.0
23,Arginine and Proline Metabolism,random,1,5,1.0
23,Arginine and Proline Metabolism,random,2,6,1.0
23,Purine Metabolism,commutator,1,3,0.978494623655914
23,Purine Metabolism,commutator,2,4,0.982078853046595
23,Purine Metabolism,variance,1,3,0.978494623655914
23,Purine Metabolism,variance,2,4,0.982078853046595
23,Purine Metabolism,random,1,3,0.903225806451613
23,Purine Metabolism,random,2,4,0.982078853046595
23,Pyrimidine Metabolism,commutator,1,5,0.978494623655914
23,Pyrimidine Metabolism,commutator,2,6,0.978494623655914
23,Pyrimidine Metabolism,variance,1,5,0.978494623655914
23,Pyrimidine Metabolism,variance,2,6,0.978494623655914
23,Pyrimidine Metabolism,random,1,5,0.982078853046595
23,Pyrimidine Metabolism,random,2,6,0.978494623655914
23,Tryptophan Metabolism,commutator,1,4,0.935483870967742
23,Tryptophan Metabolism,commutator,2,5,0.8602150537634409
23,Tryptophan Metabolism,variance,1,4,0.935483870967742
23,Tryptophan Metabolism,variance,2,5,0.8602150537634409
23,Tryptophan Metabolism,random,1,4,0.935483870967742
23,Tryptophan Metabolism,random,2,5,0.8602150537634409
24,Arginine and Proline Metabolism,commutator,1,5,0.8279569892473118
24,Arginine and Proline Metabolism,commutator,2,6,1.0
24,Arginine and Proline Metabolism,variance,1,5,0.8279569892473118
24,Arginine and Proline Metabolism,variance,2,6,1.0
24,Arginine and Proline Metabolism,random,1,5,1.0
24,Arginine and Proline Metabolism,random,2,6,1.0
24,Purine Metabolism,commutator,1,3,0.978494623655914
24,Purine Metabolism,commutator,2,4,0.982078853046595
24,Purine Metabolism,variance,1,3,0.978494623655914
24,Purine Metabolism,variance,2,4,0.982078853046595
24,Purine Metabolism,random,1,3,0.9713261648745519
24,Purine Metabolism,random,2,4,0.982078853046595
24,Pyrimidine Metabolism,commutator,1,5,0.953405017921147
24,Pyrimidine Metabolism,commutator,2,6,0.978494623655914
24,Pyrimidine Metabolism,variance,1,5,0.953405017921147
24,Pyrimidine Metabolism,variance,2,6,0.978494623655914
24,Pyrimidine Metabolism,random,1,5,0.953405017921147
24,Pyrimidine Metabolism,random,2,6,0.978494623655914
24,Tryptophan Metabolism,commutator,1,4,0.8602150537634409
24,Tryptophan Metabolism,commutator,2,5,0.8602150537634409
24,Tryptophan Metabolism,variance,1,4,0.8602150537634409
24,Tryptophan Metabolism,variance,2,5,0.8602150537634409
24,Tryptophan Metabolism,random,1,4,0.8637992831541219
24,Tryptophan Metabolism,random,2,5,0.8602150537634409
25,Arginine and Proline Metabolism,commutator,1,5,1.0
25,Arginine and Proline Metabolism,commutator,2,6,1.0
25,Arginine and Proline Metabolism,variance,1,5,1.0
25,Arginine and Proline Metabolism,variance,2,6,1.0
25,Arginine and Proline Metabolism,random,1,5,1.0
25,Arginine and Proline Metabolism,random,2,6,1.0
25,Purine Metabolism,commutator,1,3,0.9713261648745519
25,Purine Metabolism,commutator,2,4,0.982078853046595
25,Purine Metabolism,variance,1,3,0.8279569892473118
25,Purine Metabolism,variance,2,4,0.982078853046595
25,Purine Metabolism,random,1,3,0.8279569892473118
25,Purine Metabolism,random,2,4,0.982078853046595
25,Pyrimidine Metabolism,commutator,1,5,0.978494623655914
25,Pyrimidine Metabolism,commutator,2,6,0.978494623655914
25,Pyrimidine Metabolism,variance,1,5,0.978494623655914
25,Pyrimidine Metabolism,variance,2,6,0.978494623655914
25,Pyrimidine Metabolism,random,1,5,0.953405017921147
25,Pyrimidine Metabolism,random,2,6,0.978494623655914
25,Tryptophan Metabolism,commutator,1,4,0.8602150537634409
25,Tryptophan Metabolism,commutator,2,5,0.8602150537634409
25,Tryptophan Metabolism,variance,1,4,0.8602150537634409
25,Tryptophan Metabolism,variance,2,5,0.8602150537634409
25,Tryptophan Metabolism,random,1,4,0.8602150537634409
25,Tryptophan Metabolism,random,2,5,0.8602150537634409
26,Arginine and Proline Metabolism,commutator,1,5,0.8279569892473118
26,Arginine and Proline Metabolism,commutator,2,6,1.0
26,Arginine and Proline Metabolism,variance,1,5,0.8279569892473118
26,Arginine and Proline Metabolism,variance,2,6,1.0
26,Arginine and Proline Metabolism,random,1,5,0.8279569892473118
26,Arginine and Proline Metabolism,random,2,6,1.0
26,Purine Metabolism,commutator,1,3,0.903225806451613
26,Purine Metabolism,commutator,2,4,0.982078853046595
26,Purine Metabolism,variance,1,3,0.903225806451613
26,Purine Metabolism,variance,2,4,0.982078853046595
26,Purine Metabolism,random,1,3,0.903225806451613
26,Purine Metabolism,random,2,4,0.982078853046595
26,Pyrimidine Metabolism,commutator,1,5,0.978494623655914
26,Pyrimidine Metabolism,commutator,2,6,0.978494623655914
26,Pyrimidine Metabolism,variance,1,5,0.978494623655914
26,Pyrimidine Metabolism,variance,2,6,0.978494623655914
26,Pyrimidine Metabolism,random,1,5,0.978494623655914
26,Pyrimidine Metabolism,random,2,6,0.978494623655914
26,Tryptophan Metabolism,commutator,1,4,0.935483870967742
26,Tryptophan Metabolism,commutator,2,5,0.8602150537634409
26,Tryptophan Metabolism,variance,1,4,0.935483870967742
26,Tryptophan Metabolism,variance,2,5,0.8602150537634409
26,Tryptophan Metabolism,random,1,4,0.8637992831541219
26,Tryptophan Metabolism,random,2,5,0.8602150537634409
27,Arginine and Proline Metabolism,commutator,1,5,1.0
27,Arginine and Proline Metabolism,commutator,2,6,1.0
27,Arginine and Proline Metabolism,variance,1,5,1.0
27,Arginine and Proline Metabolism,variance,2,6,1.0
27,Arginine and Proline Metabolism,random,1,5,1.0
27,Arginine and Proline Metabolism,random,2,6,1.0
27,Purine Metabolism,commutator,1,3,0.978494623655914
27,Purine Metabolism,commutator,2,4,0.982078853046595
27,Purine Metabolism,variance,1,3,0.978494623655914
27,Purine Metabolism,variance,2,4,0.982078853046595
27,Purine Metabolism,random,1,3,0.978494623655914
27,Purine Metabolism,random,2,4,0.982078853046595
27,Pyrimidine Metabolism,commutator,1,5,0.971326164874552
27,Pyrimidine Metabolism,commutator,2,6,0.978494623655914
27,Pyrimidine Metabolism,variance,1,5,0.971326164874552
27,Pyrimidine Metabolism,variance,2,6,0.978494623655914
27,Pyrimidine Metabolism,random,1,5,0.971326164874552
27,Pyrimidine Metabolism,random,2,6,0.978494623655914
27,Tryptophan Metabolism,commutator,1,4,0.8602150537634409
27,Tryptophan Metabolism,commutator,2,5,0.8602150537634409
27,Tryptophan Metabolism,variance,1,4,0.8602150537634409
27,Tryptophan Metabolism,variance,2,5,0.8602150537634409
27,Tryptophan Metabolism,random,1,4,0.8602150537634409
27,Tryptophan Metabolism,random,2,5,0.8602150537634409
28,Arginine and Proline Metabolism,commutator,1,5,1.0
28,Arginine and Proline Metabolism,commutator,2,6,1.0
28,Arginine and Proline Metabolism,variance,1,5,1.0
28,Arginine and Proline Metabolism,variance,2,6,1.0
28,Arginine and Proline Metabolism,random,1,5,0.8279569892473118
28,Arginine and Proline Metabolism,random,2,6,1.0
28,Purine Metabolism,commutator,1,3,0.978494623655914
28,Purine Metabolism,commutator,2,4,0.982078853046595
28,Purine Metabolism,variance,1,3,0.978494623655914
28,Purine Metabolism,variance,2,4,0.982078853046595
28,Purine Metabolism,random,1,3,0.978494623655914
28,Purine Metabolism,random,2,4,0.982078853046595
28,Pyrimidine Metabolism,commutator,1,5,0.953405017921147
28,Pyrimidine Metabolism,commutator,2,6,0.978494623655914
28,Pyrimidine Metabolism,variance,1,5,0.953405017921147
28,Pyrimidine Metabolism,variance,2,6,0.978494623655914
28,Pyrimidine Metabolism,random,1,5,0.956989247311828
28,Pyrimidine Metabolism,random,2,6,0.978494623655914
28,Tryptophan Metabolism,commutator,1,4,0.935483870967742
28,Tryptophan Metabolism,commutator,2,5,0.8602150537634409
28,Tryptophan Metabolism,variance,1,4,0.935483870967742
28,Tryptophan Metabolism,variance,2,5,0.8602150537634409
28,Tryptophan Metabolism,random,1,4,0.935483870967742
28,Tryptophan Metabolism,random,2,5,0.8602150537634409
29,Arginine and Proline Metabolism,commutator,1,5,1.0
29,Arginine and Proline Metabolism,commutator,2,6,1.0
29,Arginine and Proline Metabolism,variance,1,5,1.0
29,Arginine and Proline Metabolism,variance,2,6,1.0
29,Arginine and Proline Metabolism,random,1,5,1.0
29,Arginine and Proline Metabolism,random,2,6,1.0
29,Purine Metabolism,commutator,1,3,0.978494623655914
29,Purine Metabolism,commutator,2,4,0.982078853046595
29,Purine Metabolism,variance,1,3,0.978494623655914
29,Purine Metabolism,variance,2,4,0.982078853046595
29,Purine Metabolism,random,1,3,0.903225806451613
29,Purine Metabolism,random,2,4,0.982078853046595
29,Pyrimidine Metabolism,commutator,1,5,0.978494623655914
29,Pyrimidine Metabolism,commutator,2,6,0.978494623655914
29,Pyrimidine Metabolism,variance,1,5,0.978494623655914
29,Pyrimidine Metabolism,variance,2,6,0.978494623655914
29,Pyrimidine Metabolism,random,1,5,0.978494623655914
29,Pyrimidine Metabolism,random,2,6,0.978494623655914
29,Tryptophan Metabolism,commutator,1,4,0.7706093189964157
29,Tryptophan Metabolism,commutator,2,5,0.8602150537634409
29,Tryptophan Metabolism,variance,1,4,0.7706093189964157
29,Tryptophan Metabolism,variance,2,5,0.8602150537634409
29,Tryptophan Metabolism,random,1,4,0.7706093189964157
29,Tryptophan Metabolism,random,2,5,0.8602150537634409
30,Arginine and Proline Metabolism,commutator,1,5,1.0
30,Arginine and Proline Metabolism,commutator,2,6,1.0
30,Arginine and Proline Metabolism,variance,1,5,1.0
30,Arginine and Proline Metabolism,variance,2,6,1.0
30,Arginine and Proline Metabolism,random,1,5,1.0
30,Arginine and Proline Metabolism,random,2,6,1.0
30,Purine Metabolism,commutator,1,3,0.978494623655914
30,Purine Metabolism,commutator,2,4,0.982078853046595
30,Purine Metabolism,variance,1,3,0.8279569892473118
30,Purine Metabolism,variance,2,4,0.982078853046595
30,Purine Metabolism,random,1,3,0.978494623655914
30,Purine Metabolism,random,2,4,0.982078853046595
30,Pyrimidine Metabolism,commutator,1,5,0.978494623655914
30,Pyrimidine Metabolism,commutator,2,6,0.978494623655914
30,Pyrimidine Metabolism,variance,1,5,0.978494623655914
30,Pyrimidine Metabolism,variance,2,6,0.978494623655914
30,Pyrimidine Metabolism,random,1,5,0.953405017921147
30,Pyrimidine Metabolism,random,2,6,0.978494623655914
30,Tryptophan Metabolism,commutator,1,4,0.7706093189964157
30,Tryptophan Metabolism,commutator,2,5,0.8602150537634409
30,Tryptophan Metabolism,variance,1,4,0.7706093189964157
30,Tryptophan Metabolism,variance,2,5,0.8602150537634409
30,Tryptophan Metabolism,random,1,4,0.7706093189964157
30,Tryptophan Metabolism,random,2,5,0.8602150537634409
31,Arginine and Proline Metabolism,commutator,1,5,0.8279569892473118
31,Arginine and Proline Metabolism,commutator,2,6,1.0
31,Arginine and Proline Metabolism,variance,1,5,0.8279569892473118
31,Arginine and Proline Metabolism,variance,2,6,1.0
31,Arginine and Proline Metabolism,random,1,5,0.8279569892473118
31,Arginine and Proline Metabolism,random,2,6,1.0
31,Purine Metabolism,commutator,1,3,0.978494623655914
31,Purine Metabolism,commutator,2,4,0.982078853046595
31,Purine Metabolism,variance,1,3,0.978494623655914
31,Purine Metabolism,variance,2,4,0.982078853046595
31,Purine Metabolism,random,1,3,0.978494623655914
31,Purine Metabolism,random,2,4,0.982078853046595
31,Pyrimidine Metabolism,commutator,1,5,0.978494623655914
31,Pyrimidine Metabolism,commutator,2,6,0.978494623655914
31,Pyrimidine Metabolism,variance,1,5,0.978494623655914
31,Pyrimidine Metabolism,variance,2,6,0.978494623655914
31,Pyrimidine Metabolism,random,1,5,0.971326164874552
31,Pyrimidine Metabolism,random,2,6,0.978494623655914
31,Tryptophan Metabolism,commutator,1,4,0.8602150537634409
31,Tryptophan Metabolism,commutator,2,5,0.8602150537634409
31,Tryptophan Metabolism,variance,1,4,0.8602150537634409
31,Tryptophan Metabolism,variance,2,5,0.8602150537634409
31,Tryptophan Metabolism,random,1,4,0.8602150537634409
31,Tryptophan Metabolism,random,2,5,0.8602150537634409
32,Arginine and Proline Metabolism,commutator,1,5,1.0
32,Arginine and Proline Metabolism,commutator,2,6,1.0
32,Arginine and Proline Metabolism,variance,1,5,1.0
32,Arginine and Proline Metabolism,variance,2,6,1.0
32,Arginine and Proline Metabolism,random,1,5,1.0
32,Arginine and Proline Metabolism,random,2,6,1.0
32,Purine Metabolism,commutator,1,3,0.903225806451613
32,Purine Metabolism,commutator,2,4,0.982078853046595
32,Purine Metabolism,variance,1,3,0.903225806451613
32,Purine Metabolism,variance,2,4,0.982078853046595
32,Purine Metabolism,random,1,3,0.903225806451613
32,Purine Metabolism,random,2,4,0.982078853046595
32,Pyrimidine Metabolism,commutator,1,5,0.978494623655914
32,Pyrimidine Metabolism,commutator,2,6,0.978494623655914
32,Pyrimidine Metabolism,variance,1,5,0.978494623655914
32,Pyrimidine Metabolism,variance,2,6,0.978494623655914
32,Pyrimidine Metabolism,random,1,5,0.956989247311828
32,Pyrimidine Metabolism,random,2,6,0.978494623655914
32,Tryptophan Metabolism,commutator,1,4,0.8602150537634409
32,Tryptophan Metabolism,commutator,2,5,0.8602150537634409
32,Tryptophan Metabolism,variance,1,4,0.8602150537634409
32,Tryptophan Metabolism,variance,2,5,0.8602150537634409
32,Tryptophan Metabolism,random,1,4,0.7706093189964157
32,Tryptophan Metabolism,random,2,5,0.8602150537634409
33,Arginine and Proline Metabolism,commutator,1,5,1.0
33,Arginine and Proline Metabolism,commutator,2,6,1.0
33,Arginine and Proline Metabolism,variance,1,5,1.0
33,Arginine and Proline Metabolism,variance,2,6,1.0
33,Arginine and Proline Metabolism,random,1,5,1.0
33,Arginine and Proline Metabolism,random,2,6,1.0
33,Purine Metabolism,commutator,1,3,0.903225806451613
33,Purine Metabolism,commutator,2,4,0.982078853046595
33,Purine Metabolism,variance,1,3,0.903225806451613
33,Purine Metabolism,variance,2,4,0.982078853046595
33,Purine Metabolism,random,1,3,0.9713261648745519
33,Purine Metabolism,random,2,4,0.982078853046595
33,Pyrimidine Metabolism,commutator,1,5,0.953405017921147
33,Pyrimidine Metabolism,commutator,2,6,0.978494623655914
33,Pyrimidine Metabolism,variance,1,5,0.953405017921147
33,Pyrimidine Metabolism,variance,2,6,0.978494623655914
33,Pyrimidine Metabolism,random,1,5,0.953405017921147
33,Pyrimidine Metabolism,random,2,6,0.978494623655914
33,Tryptophan Metabolism,commutator,1,4,0.7706093189964157
33,Tryptophan Metabolism,commutator,2,5,0.8602150537634409
33,Tryptophan Metabolism,variance,1,4,0.7706093189964157
33,Tryptophan Metabolism,variance,2,5,0.8602150537634409
33,Tryptophan Metabolism,random,1,4,0.8637992831541219
33,Tryptophan Metabolism,random,2,5,0.8602150537634409
34,Arginine and Proline Metabolism,commutator,1,5,1.0
34,Arginine and Proline Metabolism,commutator,2,6,1.0
34,Arginine and Proline Metabolism,variance,1,5,1.0
34,Arginine and Proline Metabolism,variance,2,6,1.0
34,Arginine and Proline Metabolism,random,1,5,0.8279569892473118
34,Arginine and Proline Metabolism,random,2,6,1.0
34,Purine Metabolism,commutator,1,3,0.978494623655914
34,Purine Metabolism,commutator,2,4,0.982078853046595
34,Purine Metabolism,variance,1,3,0.8279569892473118
34,Purine Metabolism,variance,2,4,0.982078853046595
34,Purine Metabolism,random,1,3,0.978494623655914
34,Purine Metabolism,random,2,4,0.982078853046595
34,Pyrimidine Metabolism,commutator,1,5,0.982078853046595
34,Pyrimidine Metabolism,commutator,2,6,0.978494623655914
34,Pyrimidine Metabolism,variance,1,5,0.982078853046595
34,Pyrimidine Metabolism,variance,2,6,0.978494623655914
34,Pyrimidine Metabolism,random,1,5,0.982078853046595
34,Pyrimidine Metabolism,random,2,6,0.978494623655914
34,Tryptophan Metabolism,commutator,1,4,0.8602150537634409
34,Tryptophan Metabolism,commutator,2,5,0.8602150537634409
34,Tryptophan Metabolism,variance,1,4,0.8602150537634409
34,Tryptophan Metabolism,variance,2,5,0.8602150537634409
34,Tryptophan Metabolism,random,1,4,0.8602150537634409
34,Tryptophan Metabolism,random,2,5,0.8602150537634409
35,Arginine and Proline Metabolism,commutator,1,5,1.0
35,Arginine and Proline Metabolism,commutator,2,6,1.0
35,Arginine and Proline Metabolism,variance,1,5,1.0
35,Arginine and Proline Metabolism,variance,2,6,1.0
35,Arginine and Proline Metabolism,random,1,5,1.0
35,Arginine and Proline Metabolism,random,2,6,1.0
35,Purine Metabolism,commutator,1,3,0.978494623655914
35,Purine Metabolism,commutator,2,4,0.982078853046595
35,Purine Metabolism,variance,1,3,0.8279569892473118
35,Purine Metabolism,variance,2,4,0.982078853046595
35,Purine Metabolism,random,1,3,0.978494623655914
35,Purine Metabolism,random,2,4,0.982078853046595
35,Pyrimidine Metabolism,commutator,1,5,0.978494623655914
35,Pyrimidine Metabolism,commutator,2,6,0.978494623655914
35,Pyrimidine Metabolism,variance,1,5,0.978494623655914
35,Pyrimidine Metabolism,variance,2,6,0.978494623655914
35,Pyrimidine Metabolism,random,1,5,0.953405017921147
35,Pyrimidine Metabolism,random,2,6,0.978494623655914
35,Tryptophan Metabolism,commutator,1,4,0.8637992831541219
35,Tryptophan Metabolism,commutator,2,5,0.8602150537634409
35,Tryptophan Metabolism,variance,1,4,0.8637992831541219
35,Tryptophan Metabolism,variance,2,5,0.8602150537634409
35,Tryptophan Metabolism,random,1,4,0.8637992831541219
35,Tryptophan Metabolism,random,2,5,0.8602150537634409
36,Arginine and Proline Metabolism,commutator,1,5,0.8279569892473118
36,Arginine and Proline Metabolism,commutator,2,6,1.0
36,Arginine and Proline Metabolism,variance,1,5,0.8279569892473118
36,Arginine and Proline Metabolism,variance,2,6,1.0
36,Arginine and Proline Metabolism,random,1,5,0.8279569892473118
36,Arginine and Proline Metabolism,random,2,6,1.0
36,Purine Metabolism,commutator,1,3,0.8279569892473118
36,Purine Metabolism,commutator,2,4,0.982078853046595
36,Purine Metabolism,variance,1,3,0.8279569892473118
36,Purine Metabolism,variance,2,4,0.982078853046595
36,Purine Metabolism,random,1,3,0.903225806451613
36,Purine Metabolism,random,2,4,0.982078853046595
36,Pyrimidine Metabolism,commutator,1,5,0.982078853046595
36,Pyrimidine Metabolism,commutator,2,6,0.978494623655914
36,Pyrimidine Metabolism,variance,1,5,0.982078853046595
36,Pyrimidine Metabolism,variance,2,6,0.978494623655914
36,Pyrimidine Metabolism,random,1,5,0.971326164874552
36,Pyrimidine Metabolism,random,2,6,0.978494623655914
36,Tryptophan Metabolism,commutator,1,4,0.7706093189964157
36,Tryptophan Metabolism,commutator,2,5,0.8602150537634409
36,Tryptophan Metabolism,variance,1,4,0.7706093189964157
36,Tryptophan Metabolism,variance,2,5,0.8602150537634409
36,Tryptophan Metabolism,random,1,4,0.7706093189964157
36,Tryptophan Metabolism,random,2,5,0.8602150537634409
37,Arginine and Proline Metabolism,commutator,1,5,1.0
37,Arginine and Proline Metabolism,commutator,2,6,1.0
37,Arginine and Proline Metabolism,variance,1,5,1.0
37,Arginine and Proline Metabolism,variance,2,6,1.0
37,Arginine and Proline Metabolism,random,1,5,1.0
37,Arginine and Proline Metabolism,random,2,6,1.0
37,Purine Metabolism,commutator,1,3,0.978494623655914
37,Purine Metabolism,commutator,2,4,0.982078853046595
37,Purine Metabolism,variance,1,3,0.978494623655914
37,Purine Metabolism,variance,2,4,0.982078853046595
37,Purine Metabolism,random,1,3,0.9713261648745519
37,Purine Metabolism,random,2,4,0.982078853046595
37,Pyrimidine Metabolism,commutator,1,5,0.978494623655914
37,Pyrimidine Metabolism,commutator,2,6,0.978494623655914
37,Pyrimidine Metabolism,variance,1,5,0.978494623655914
37,Pyrimidine Metabolism,variance,2,6,0.978494623655914
37,Pyrimidine Metabolism,random,1,5,0.978494623655914
37,Pyrimidine Metabolism,random,2,6,0.978494623655914
37,Tryptophan Metabolism,commutator,1,4,0.7706093189964157
37,Tryptophan Metabolism,commutator,2,5,0.8602150537634409
37,Tryptophan Metabolism,variance,1,4,0.7706093189964157
37,Tryptophan Metabolism,variance,2,5,0.8602150537634409
37,Tryptophan Metabolism,random,1,4,0.8637992831541219
37,Tryptophan Metabolism,random,2,5,0.8602150537634409
38,Arginine and Proline Metabolism,commutator,1,5,1.0
38,Arginine and Proline Metabolism,commutator,2,6,1.0
38,Arginine and Proline Metabolism,variance,1,5,1.0
38,Arginine and Proline Metabolism,variance,2,6,1.0
38,Arginine and Proline Metabolism,random,1,5,1.0
38,Arginine and Proline Metabolism,random,2,6,1.0
38,Purine Metabolism,commutator,1,3,0.903225806451613
38,Purine Metabolism,commutator,2,4,0.982078853046595
38,Purine Metabolism,variance,1,3,0.903225806451613
38,Purine Metabolism,variance,2,4,0.982078853046595
38,Purine Metabolism,random,1,3,0.9713261648745519
38,Purine Metabolism,random,2,4,0.982078853046595
38,Pyrimidine Metabolism,commutator,1,5,0.978494623655914
38,Pyrimidine Metabolism,commutator,2,6,0.978494623655914
38,Pyrimidine Metabolism,variance,1,5,0.978494623655914
38,Pyrimidine Metabolism,variance,2,6,0.978494623655914
38,Pyrimidine Metabolism,random,1,5,0.978494623655914
38,Pyrimidine Metabolism,random,2,6,0.978494623655914
38,Tryptophan Metabolism,commutator,1,4,0.8602150537634409
38,Tryptophan Metabolism,commutator,2,5,0.8602150537634409
38,Tryptophan Metabolism,variance,1,4,0.8602150537634409
38,Tryptophan Metabolism,variance,2,5,0.8602150537634409
38,Tryptophan Metabolism,random,1,4,0.8637992831541219
38,Tryptophan Metabolism,random,2,5,0.8602150537634409
39,Arginine and Proline Metabolism,commutator,1,5,1.0
39,Arginine and Proline Metabolism,commutator,2,6,1.0
39,Arginine and Proline Metabolism,variance,1,5,1.0
39,Arginine and Proline Metabolism,variance,2,6,1.0
39,Arginine and Proline Metabolism,random,1,5,1.0
39,Arginine and Proline Metabolism,random,2,6,1.0
39,Purine Metabolism,commutator,1,3,0.903225806451613
39,Purine Metabolism,commutator,2,4,0.982078853046595
39,Purine Metabolism,variance,1,3,0.903225806451613
39,Purine Metabolism,variance,2,4,0.982078853046595
39,Purine Metabolism,random,1,3,0.9713261648745519
39,Purine Metabolism,random,2,4,0.982078853046595
39,Pyrimidine Metabolism,commutator,1,5,0.982078853046595
39,Pyrimidine Metabolism,commutator,2,6,0.978494623655914
39,Pyrimidine Metabolism,variance,1,5,0.982078853046595
39,Pyrimidine Metabolism,variance,2,6,0.978494623655914
39,Pyrimidine Metabolism,random,1,5,0.982078853046595
39,Pyrimidine Metabolism,random,2,6,0.978494623655914
39,Tryptophan Metabolism,commutator,1,4,0.8602150537634409
39,Tryptophan Metabolism,commutator,2,5,0.8602150537634409
39,Tryptophan Metabolism,variance,1,4,0.8602150537634409
39,Tryptophan Metabolism,variance,2,5,0.8602150537634409
39,Tryptophan Metabolism,random,1,4,0.8637992831541219
39,Tryptophan Metabolism,random,2,5,0.8602150537634409
40,Arginine and Proline Metabolism,commutator,1,5,0.8279569892473118
40,Arginine and Proline Metabolism,commutator,2,6,1.0
40,Arginine and Proline Metabolism,variance,1,5,0.8279569892473118
40,Arginine and Proline Metabolism,variance,2,6,1.0
40,Arginine and Proline Metabolism,random,1,5,1.0
40,Arginine and Proline Metabolism,random,2,6,1.0
40,Purine Metabolism,commutator,1,3,0.903225806451613
40,Purine Metabolism,commutator,2,4,0.982078853046595
40,Purine Metabolism,variance,1,3,0.903225806451613
40,Purine Metabolism,variance,2,4,0.982078853046595
40,Purine Metabolism,random,1,3,0.9713261648745519
40,Purine Metabolism,random,2,4,0.982078853046595
40,Pyrimidine Metabolism,commutator,1,5,0.978494623655914
40,Pyrimidine Metabolism,commutator,2,6,0.978494623655914
40,Pyrimidine Metabolism,variance,1,5,0.978494623655914
40,Pyrimidine Metabolism,variance,2,6,0.978494623655914
40,Pyrimidine Metabolism,random,1,5,0.978494623655914
40,Pyrimidine Metabolism,random,2,6,0.978494623655914
40,Tryptophan Metabolism,commutator,1,4,0.935483870967742
40,Tryptophan Metabolism,commutator,2,5,0.8602150537634409
40,Tryptophan Metabolism,variance,1,4,0.935483870967742
40,Tryptophan Metabolism,variance,2,5,0.8602150537634409
40,Tryptophan Metabolism,random,1,4,0.8637992831541219
40,Tryptophan Metabolism,random,2,5,0.8602150537634409
41,Arginine and Proline Metabolism,commutator,1,5,1.0
41,Arginine and Proline Metabolism,commutator,2,6,1.0
41,Arginine and Proline Metabolism,variance,1,5,1.0
41,Arginine and Proline Metabolism,variance,2,6,1.0
41,Arginine and Proline Metabolism,random,1,5,0.8279569892473118
41,Arginine and Proline Metabolism,random,2,6,1.0
41,Purine Metabolism,commutator,1,3,0.978494623655914
41,Purine Metabolism,commutator,2,4,0.982078853046595
41,Purine Metabolism,variance,1,3,0.8279569892473118
41,Purine Metabolism,variance,2,4,0.982078853046595
41,Purine Metabolism,random,1,3,0.978494623655914
41,Purine Metabolism,random,2,4,0.982078853046595
41,Pyrimidine Metabolism,commutator,1,5,0.953405017921147
41,Pyrimidine Metabolism,commutator,2,6,0.978494623655914
41,Pyrimidine Metabolism,variance,1,5,0.953405017921147
41,Pyrimidine Metabolism,variance,2,6,0.978494623655914
41,Pyrimidine Metabolism,random,1,5,0.956989247311828
41,Pyrimidine Metabolism,random,2,6,0.978494623655914
41,Tryptophan Metabolism,commutator,1,4,0.7706093189964157
41,Tryptophan Metabolism,commutator,2,5,0.8602150537634409
41,Tryptophan Metabolism,variance,1,4,0.7706093189964157
41,Tryptophan Metabolism,variance,2,5,0.8602150537634409
41,Tryptophan Metabolism,random,1,4,0.7706093189964157
41,Tryptophan Metabolism,random,2,5,0.8602150537634409
42,Arginine and Proline Metabolism,commutator,1,5,1.0
42,Arginine and Proline Metabolism,commutator,2,6,1.0
42,Arginine and Proline Metabolism,variance,1,5,1.0
42,Arginine and Proline Metabolism,variance,2,6,1.0
42,Arginine and Proline Metabolism,random,1,5,1.0
42,Arginine and Proline Metabolism,random,2,6,1.0
42,Purine Metabolism,commutator,1,3,0.903225806451613
42,Purine Metabolism,commutator,2,4,0.982078853046595
42,Purine Metabolism,variance,1,3,0.903225806451613
42,Purine Metabolism,variance,2,4,0.982078853046595
42,Purine Metabolism,random,1,3,0.903225806451613
42,Purine Metabolism,random,2,4,0.982078853046595
42,Pyrimidine Metabolism,commutator,1,5,0.982078853046595
42,Pyrimidine Metabolism,commutator,2,6,0.978494623655914
42,Pyrimidine Metabolism,variance,1,5,0.982078853046595
42,Pyrimidine Metabolism,variance,2,6,0.978494623655914
42,Pyrimidine Metabolism,random,1,5,0.982078853046595
42,Pyrimidine Metabolism,random,2,6,0.978494623655914
42,Tryptophan Metabolism,commutator,1,4,0.7706093189964157
42,Tryptophan Metabolism,commutator,2,5,0.8602150537634409
42,Tryptophan Metabolism,variance,1,4,0.7706093189964157
42,Tryptophan Metabolism,variance,2,5,0.8602150537634409
42,Tryptophan Metabolism,random,1,4,0.7706093189964157
42,Tryptophan Metabolism,random,2,5,0.8602150537634409
43,Arginine and Proline Metabolism,commutator,1,5,1.0
43,Arginine and Proline Metabolism,commutator,2,6,1.0
43,Arginine and Proline Metabolism,variance,1,5,1.0
43,Arginine and Proline Metabolism,variance,2,6,1.0
43,Arginine and Proline Metabolism,random,1,5,1.0
43,Arginine and Proline Metabolism,random,2,6,1.0
43,Purine Metabolism,commutator,1,3,0.903225806451613
43,Purine Metabolism,commutator,2,4,0.982078853046595
43,Purine Metabolism,variance,1,3,0.903225806451613
43,Purine Metabolism,variance,2,4,0.982078853046595
43,Purine Metabolism,random,1,3,0.9713261648745519
43,Purine Metabolism,random,2,4,0.982078853046595
43,Pyrimidine Metabolism,commutator,1,5,0.978494623655914
43,Pyrimidine Metabolism,commutator,2,6,0.978494623655914
43,Pyrimidine Metabolism,variance,1,5,0.978494623655914
43,Pyrimidine Metabolism,variance,2,6,0.978494623655914
43,Pyrimidine Metabolism,random,1,5,0.978494623655914
43,Pyrimidine Metabolism,random,2,6,0.978494623655914
43,Tryptophan Metabolism,commutator,1,4,0.7706093189964157
43,Tryptophan Metabolism,commutator,2,5,0.8602150537634409
43,Tryptophan Metabolism,variance,1,4,0.7706093189964157
43,Tryptophan Metabolism,variance,2,5,0.8602150537634409
43,Tryptophan Metabolism,random,1,4,0.8637992831541219
43,Tryptophan Metabolism,random,2,5,0.8602150537634409
44,Arginine and Proline Metabolism,commutator,1,5,0.8279569892473118
44,Arginine and Proline Metabolism,commutator,2,6,1.0
44,Arginine and Proline Metabolism,variance,1,5,0.8279569892473118
44,Arginine and Proline Metabolism,variance,2,6,1.0
44,Arginine and Proline Metabolism,random,1,5,1.0
44,Arginine and Proline Metabolism,random,2,6,1.0
44,Purine Metabolism,commutator,1,3,0.8279569892473118
44,Purine Metabolism,commutator,2,4,0.982078853046595
44,Purine Metabolism,variance,1,3,0.8279569892473118
44,Purine Metabolism,variance,2,4,0.982078853046595
44,Purine Metabolism,random,1,3,0.8279569892473118
44,Purine Metabolism,random,2,4,0.982078853046595
44,Pyrimidine Metabolism,commutator,1,5,0.978494623655914
44,Pyrimidine Metabolism,commutator,2,6,0.978494623655914
44,Pyrimidine Metabolism,variance,1,5,0.978494623655914
44,Pyrimidine Metabolism,variance,2,6,0.978494623655914
44,Pyrimidine Metabolism,random,1,5,0.978494623655914
44,Pyrimidine Metabolism,random,2,6,0.978494623655914
44,Tryptophan Metabolism,commutator,1,4,0.7706093189964157
44,Tryptophan Metabolism,commutator,2,5,0.8602150537634409
44,Tryptophan Metabolism,variance,1,4,0.7706093189964157
44,Tryptophan Metabolism,variance,2,5,0.8602150537634409
44,Tryptophan Metabolism,random,1,4,0.8637992831541219
44,Tryptophan Metabolism,random,2,5,0.8602150537634409
45,Arginine and Proline Metabolism,commutator,1,5,0.8279569892473118
45,Arginine and Proline Metabolism,commutator,2,6,1.0
45,Arginine and Proline Metabolism,variance,1,5,0.8279569892473118
45,Arginine and Proline Metabolism,variance,2,6,1.0
45,Arginine and Proline Metabolism,random,1,5,0.8279569892473118
45,Arginine and Proline Metabolism,random,2,6,1.0
45,Purine Metabolism,commutator,1,3,0.9713261648745519
45,Purine Metabolism,commutator,2,4,0.982078853046595
45,Purine Metabolism,variance,1,3,0.8279569892473118
45,Purine Metabolism,variance,2,4,0.982078853046595
45,Purine Metabolism,random,1,3,0.8279569892473118
45,Purine Metabolism,random,2,4,0.982078853046595
45,Pyrimidine Metabolism,commutator,1,5,0.978494623655914
45,Pyrimidine Metabolism,commutator,2,6,0.978494623655914
45,Pyrimidine Metabolism,variance,1,5,0.978494623655914
45,Pyrimidine Metabolism,variance,2,6,0.978494623655914
45,Pyrimidine Metabolism,random,1,5,0.956989247311828
45,Pyrimidine Metabolism,random,2,6,0.978494623655914
45,Tryptophan Metabolism,commutator,1,4,0.7706093189964157
45,Tryptophan Metabolism,commutator,2,5,0.8602150537634409
45,Tryptophan Metabolism,variance,1,4,0.7706093189964157
45,Tryptophan Metabolism,variance,2,5,0.8602150537634409
45,Tryptophan Metabolism,random,1,4,0.7706093189964157
45,Tryptophan Metabolism,random,2,5,0.8602150537634409
46,Arginine and Proline Metabolism,commutator,1,5,1.0
46,Arginine and Proline Metabolism,commutator,2,6,1.0
46,Arginine and Proline Metabolism,variance,1,5,1.0
46,Arginine and Proline Metabolism,variance,2,6,1.0
46,Arginine and Proline Metabolism,random,1,5,1.0
46,Arginine and Proline Metabolism,random,2,6,1.0
46,Purine Metabolism,commutator,1,3,0.978494623655914
46,Purine Metabolism,commutator,2,4,0.982078853046595
46,Purine Metabolism,variance,1,3,0.978494623655914
46,Purine Metabolism,variance,2,4,0.982078853046595
46,Purine Metabolism,random,1,3,0.903225806451613
46,Purine Metabolism,random,2,4,0.982078853046595
46,Pyrimidine Metabolism,commutator,1,5,0.978494623655914
46,Pyrimidine Metabolism,commutator,2,6,0.978494623655914
46,Pyrimidine Metabolism,variance,1,5,0.982078853046595
46,Pyrimidine Metabolism,variance,2,6,0.978494623655914
46,Pyrimidine Metabolism,random,1,5,0.982078853046595
46,Pyrimidine Metabolism,random,2,6,0.978494623655914
46,Tryptophan Metabolism,commutator,1,4,0.7706093189964157
46,Tryptophan Metabolism,commutator,2,5,0.8602150537634409
46,Tryptophan Metabolism,variance,1,4,0.7706093189964157
46,Tryptophan Metabolism,variance,2,5,0.8602150537634409
46,Tryptophan Metabolism,random,1,4,0.7706093189964157
46,Tryptophan Metabolism,random,2,5,0.8602150537634409
47,Arginine and Proline Metabolism,commutator,1,5,1.0
47,Arginine and Proline Metabolism,commutator,2,6,1.0
47,Arginine and Proline Metabolism,variance,1,5,1.0
47,Arginine and Proline Metabolism,variance,2,6,1.0
47,Arginine and Proline Metabolism,random,1,5,1.0
47,Arginine and Proline Metabolism,random,2,6,1.0
47,Purine Metabolism,commutator,1,3,0.8279569892473118
47,Purine Metabolism,commutator,2,4,0.982078853046595
47,Purine Metabolism,variance,1,3,0.8279569892473118
47,Purine Metabolism,variance,2,4,0.982078853046595
47,Purine Metabolism,random,1,3,0.903225806451613
47,Purine Metabolism,random,2,4,0.982078853046595
47,Pyrimidine Metabolism,commutator,1,5,0.978494623655914
47,Pyrimidine Metabolism,commutator,2,6,0.978494623655914
47,Pyrimidine Metabolism,variance,1,5,0.978494623655914
47,Pyrimidine Metabolism,variance,2,6,0.978494623655914
47,Pyrimidine Metabolism,random,1,5,0.956989247311828
47,Pyrimidine Metabolism,random,2,6,0.978494623655914
47,Tryptophan Metabolism,commutator,1,4,0.8602150537634409
47,Tryptophan Metabolism,commutator,2,5,0.8602150537634409
47,Tryptophan Metabolism,variance,1,4,0.8602150537634409
47,Tryptophan Metabolism,variance,2,5,0.8602150537634409
47,Tryptophan Metabolism,random,1,4,0.7706093189964157
47,Tryptophan Metabolism,random,2,5,0.8602150537634409
48,Arginine and Proline Metabolism,commutator,1,5,1.0
48,Arginine and Proline Metabolism,commutator,2,6,1.0
48,Arginine and Proline Metabolism,variance,1,5,1.0
48,Arginine and Proline Metabolism,variance,2,6,1.0
48,Arginine and Proline Metabolism,random,1,5,1.0
48,Arginine and Proline Metabolism,random,2,6,1.0
48,Purine Metabolism,commutator,1,3,0.978494623655914
48,Purine Metabolism,commutator,2,4,0.982078853046595
48,Purine Metabolism,variance,1,3,0.8279569892473118
48,Purine Metabolism,variance,2,4,0.982078853046595
48,Purine Metabolism,random,1,3,0.8279569892473118
48,Purine Metabolism,random,2,4,0.982078853046595
48,Pyrimidine Metabolism,commutator,1,5,0.978494623655914
48,Pyrimidine Metabolism,commutator,2,6,0.978494623655914
48,Pyrimidine Metabolism,variance,1,5,0.978494623655914
48,Pyrimidine Metabolism,variance,2,6,0.978494623655914
48,Pyrimidine Metabolism,random,1,5,0.978494623655914
48,Pyrimidine Metabolism,random,2,6,0.978494623655914
48,Tryptophan Metabolism,commutator,1,4,0.935483870967742
48,Tryptophan Metabolism,commutator,2,5,0.8602150537634409
48,Tryptophan Metabolism,variance,1,4,0.935483870967742
48,Tryptophan Metabolism,variance,2,5,0.8602150537634409
48,Tryptophan Metabolism,random,1,4,0.8637992831541219
48,Tryptophan Metabolism,random,2,5,0.8602150537634409
49,Arginine and Proline Metabolism,commutator,1,5,1.0
49,Arginine and Proline Metabolism,commutator,2,6,1.0
49,Arginine and Proline Metabolism,variance,1,5,1.0
49,Arginine and Proline Metabolism,variance,2,6,1.0
49,Arginine and Proline Metabolism,random,1,5,1.0
49,Arginine and Proline Metabolism,random,2,6,1.0
49,Purine Metabolism,commutator,1,3,0.978494623655914
49,Purine Metabolism,commutator,2,4,0.982078853046595
49,Purine Metabolism,variance,1,3,0.978494623655914
49,Purine Metabolism,variance,2,4,0.982078853046595
49,Purine Metabolism,random,1,3,0.903225806451613
49,Purine Metabolism,random,2,4,0.982078853046595
49,Pyrimidine Metabolism,commutator,1,5,0.978494623655914
49,Pyrimidine Metabolism,commutator,2,6,0.978494623655914
49,Pyrimidine Metabolism,variance,1,5,0.978494623655914
49,Pyrimidine Metabolism,variance,2,6,0.978494623655914
49,Pyrimidine Metabolism,random,1,5,0.971326164874552
49,Pyrimidine Metabolism,random,2,6,0.978494623655914
49,Tryptophan Metabolism,commutator,1,4,0.7706093189964157
49,Tryptophan Metabolism,commutator,2,5,0.8602150537634409
49,Tryptophan Metabolism,variance,1,4,0.7706093189964157
49,Tryptophan Metabolism,variance,2,5,0.8602150537634409
49,Tryptophan Metabolism,random,1,4,0.7706093189964157
49,Tryptophan Metabolism,random,2,5,0.8602150537634409
